STX8B_DICDI	STX8B_DICDI
IKIP_HUMAN	IKIP_HUMAN
PMTD_ARATH	PMTD_ARATH
CDH_ECOLI	CDH_ECOLI
STML1_HUMAN	STML1_HUMAN
P3IP1_HUMAN	P3IP1_HUMAN
PLD6_HUMAN	PLD6_HUMAN
I15RA_HUMAN	I15RA_HUMAN
SELPL_HUMAN	SELPL_HUMAN
VSIG4_HUMAN	VSIG4_HUMAN
Q54GN0_DICDI	Q54GN0_DICDI
Q54GN0_DICDI	Q54ID9_DICDI
Q54GN0_DICDI	Q54L67_DICDI
Q54GN0_DICDI	Q556L6_DICDI
Q54GN0_DICDI	Q550G2_DICDI
Q54GN0_DICDI	Q54GM9_DICDI
Q54GN0_DICDI	Q556M2_DICDI
Q54GN0_DICDI	Q54U93_DICDI
Q54GN0_DICDI	Q54GM8_DICDI
Q54GN0_DICDI	Q556L2_DICDI
Q54GN0_DICDI	Q54UR8_DICDI
Q54GN0_DICDI	Q54PE3_DICDI
CDHR4_HUMAN	CDHR4_HUMAN
HG2A_HUMAN	HG2A_HUMAN
WSCD1_HUMAN	WSCD1_HUMAN
Y1395_METJA	Y1395_METJA
SYT6_HUMAN	SYT6_HUMAN
Q9M395_ARATH	Q9M395_ARATH
RENR_HUMAN	RENR_HUMAN
Y1483_METJA	Y1483_METJA
CLC1A_HUMAN	CLC1A_HUMAN
CLC1A_HUMAN	CL12B_HUMAN
Q9LZZ3_ARATH	Q9LZZ3_ARATH
Q54QV2_DICDI	Q54QV2_DICDI
EPHB3_HUMAN	EPHB3_HUMAN
EPHB3_HUMAN	EPHB2_HUMAN
EPHB3_HUMAN	EPHB1_HUMAN
YMIA_ECOLI	YMIA_ECOLI
F4ICJ5_ARATH	F4ICJ5_ARATH
LTK_HUMAN	LTK_HUMAN
B2L10_HUMAN	B2L10_HUMAN
CRK6_ARATH	CRK6_ARATH
CRK6_ARATH	CRK8_ARATH
STAB1_HUMAN	STAB1_HUMAN
FCRL5_HUMAN	FCRL5_HUMAN
C99L2_HUMAN	C99L2_HUMAN
C99L2_HUMAN	CD99_HUMAN
RLP2_ARATH	RLP2_ARATH
B3GL1_HUMAN	B3GL1_HUMAN
EGFR_HUMAN	EGFR_HUMAN
Q54Q65_DICDI	Q54Q65_DICDI
SLAF1_HUMAN	SLAF1_HUMAN
PLXA3_HUMAN	PLXA3_HUMAN
CAD19_HUMAN	CAD19_HUMAN
ATD3B_HUMAN	ATD3B_HUMAN
ADAM2_HUMAN	ADAM2_HUMAN
INGR2_HUMAN	INGR2_HUMAN
I10R1_HUMAN	I10R1_HUMAN
F4J287_ARATH	F4J287_ARATH
ACBP3_ARATH	ACBP3_ARATH
CRN_ARATH	CRN_ARATH
TNR3_HUMAN	TNR3_HUMAN
Y1495_METJA	Y1495_METJA
Q8LFZ9_ARATH	Q8LFZ9_ARATH
Q8LFZ9_ARATH	Q9FG75_ARATH
Q556T8_DICDI	Q556T8_DICDI
I17RD_HUMAN	I17RD_HUMAN
PEK14_ARATH	PEK14_ARATH
PME24_ARATH	PME24_ARATH
AMGO1_HUMAN	AMGO1_HUMAN
TNR25_HUMAN	TNR25_HUMAN
TMX1_HUMAN	TMX1_HUMAN
NFXL2_ARATH	NFXL2_ARATH
TYOBP_HUMAN	TYOBP_HUMAN
MUC13_HUMAN	MUC13_HUMAN
TMM25_HUMAN	TMM25_HUMAN
SYT9_HUMAN	SYT9_HUMAN
Q940N3_ARATH	Q940N3_ARATH
PMEPA_HUMAN	PMEPA_HUMAN
LCAP_HUMAN	LCAP_HUMAN
B3GN9_HUMAN	B3GN9_HUMAN
NFAM1_HUMAN	NFAM1_HUMAN
Y1135_ARATH	Y1135_ARATH
MEGF8_HUMAN	MEGF8_HUMAN
SGMR1_HUMAN	SGMR1_HUMAN
ITA7_HUMAN	ITA7_HUMAN
ITA7_HUMAN	ITA9_HUMAN
ITA7_HUMAN	ITA6_HUMAN
ITA7_HUMAN	ITA2B_HUMAN
Q9LYS5_ARATH	Q9LYS5_ARATH
Q9LYS5_ARATH	Y2296_ARATH
CADH1_HUMAN	CADH1_HUMAN
GT14A_ARATH	GT14A_ARATH
HSL1_ARATH	HSL1_ARATH
CEAM3_HUMAN	CEAM3_HUMAN
CEAM3_HUMAN	CEAM4_HUMAN
IOD3_HUMAN	IOD3_HUMAN
PMTR_ARATH	PMTR_ARATH
GAPT_HUMAN	GAPT_HUMAN
LRKS5_ARATH	LRKS5_ARATH
TLR1_HUMAN	TLR1_HUMAN
TLR1_HUMAN	TLR6_HUMAN
TLR1_HUMAN	TLR10_HUMAN
NIPL1_ARATH	NIPL1_ARATH
SYT14_HUMAN	SYT14_HUMAN
Q9S732_ARATH	Q9S732_ARATH
Q9FLR9_ARATH	Q9FLR9_ARATH
TMK1_ARATH	TMK1_ARATH
IL6RB_HUMAN	IL6RB_HUMAN
VSTM4_HUMAN	VSTM4_HUMAN
PEAR1_HUMAN	PEAR1_HUMAN
C16L2_HUMAN	C16L2_HUMAN
C16L2_HUMAN	MUC24_HUMAN
IRX9_ARATH	IRX9_ARATH
TYRP1_HUMAN	TYRP1_HUMAN
Q54YD1_DICDI	Q54YD1_DICDI
UD2A3_HUMAN	UD2A3_HUMAN
FURIN_HUMAN	FURIN_HUMAN
Q9M1F3_ARATH	Q9M1F3_ARATH
PLDX1_HUMAN	PLDX1_HUMAN
LRIG1_HUMAN	LRIG1_HUMAN
LRIG1_HUMAN	LRIG3_HUMAN
CR2_HUMAN	CR2_HUMAN
HSD5_ARATH	HSD5_ARATH
CRLF2_HUMAN	CRLF2_HUMAN
HEG1_HUMAN	HEG1_HUMAN
Q9STM1_ARATH	Q9STM1_ARATH
PTPRR_HUMAN	PTPRR_HUMAN
INAR2_HUMAN	INAR2_HUMAN
PTPRJ_HUMAN	PTPRJ_HUMAN
Q9LN60_ARATH	Q9LN60_ARATH
Y1386_METJA	Y1386_METJA
RGI3_ARATH	RGI3_ARATH
CGAT1_HUMAN	CGAT1_HUMAN
IZUM3_HUMAN	IZUM3_HUMAN
Q558S4_DICDI	Q558S4_DICDI
CADM2_HUMAN	CADM2_HUMAN
CADM2_HUMAN	CADM3_HUMAN
T106A_HUMAN	T106A_HUMAN
SLAF7_HUMAN	SLAF7_HUMAN
RKS1_ARATH	RKS1_ARATH
YCFJ_ECOLI	YCFJ_ECOLI
PCDGL_HUMAN	PCDGL_HUMAN
MEP1B_HUMAN	MEP1B_HUMAN
EMC1_HUMAN	EMC1_HUMAN
FCER2_HUMAN	FCER2_HUMAN
HXK4_ARATH	HXK4_ARATH
PPAL_HUMAN	PPAL_HUMAN
MICU1_HUMAN	MICU1_HUMAN
CP2C9_HUMAN	CP2C9_HUMAN
LRC59_HUMAN	LRC59_HUMAN
OFUT4_ARATH	OFUT4_ARATH
RLP55_ARATH	RLP55_ARATH
SHSA3_HUMAN	SHSA3_HUMAN
LYK5_ARATH	LYK5_ARATH
VSR2_ARATH	VSR2_ARATH
VSR2_ARATH	VSR3_ARATH
VSR2_ARATH	VSR4_ARATH
GALS3_ARATH	GALS3_ARATH
GSO1_ARATH	GSO1_ARATH
GSO1_ARATH	GSO2_ARATH
F4KHR9_ARATH	F4KHR9_ARATH
ALG5_YEAST	ALG5_YEAST
IRE1A_ARATH	IRE1A_ARATH
PSIJ_DICDI	PSIJ_DICDI
FND10_HUMAN	FND10_HUMAN
Y1143_ARATH	Y1143_ARATH
SD31_ARATH	SD31_ARATH
TIE1_HUMAN	TIE1_HUMAN
P2C70_ARATH	P2C70_ARATH
P2C70_ARATH	F4K124_ARATH
MT127_ARATH	MT127_ARATH
YNID_ECOLI	YNID_ECOLI
FUT1_HUMAN	FUT1_HUMAN
F4I5D7_ARATH	F4I5D7_ARATH
F4I5D7_ARATH	F4K891_ARATH
F4I5D7_ARATH	Q8W4B0_ARATH
PTPRD_HUMAN	PTPRD_HUMAN
PTPRD_HUMAN	PTPRF_HUMAN
PTPRD_HUMAN	PTPRS_HUMAN
Q9LXM6_ARATH	Q9LXM6_ARATH
FREM2_HUMAN	FREM2_HUMAN
UNC5D_HUMAN	UNC5D_HUMAN
FH11_ARATH	FH11_ARATH
Y1661_ARATH	Y1661_ARATH
COPA1_HUMAN	COPA1_HUMAN
HXKL2_ARATH	HXKL2_ARATH
MSB2_YEAST	MSB2_YEAST
SIG10_HUMAN	SIG10_HUMAN
GDA1_YEAST	GDA1_YEAST
UNC5B_HUMAN	UNC5B_HUMAN
C7101_ARATH	C7101_ARATH
FPRP_HUMAN	FPRP_HUMAN
PTPRK_HUMAN	PTPRK_HUMAN
P24B2_ARATH	P24B2_ARATH
YK023_YEAST	YK023_YEAST
DJLA_ECOLI	DJLA_ECOLI
CLC2B_HUMAN	CLC2B_HUMAN
ITM2A_HUMAN	ITM2A_HUMAN
SYT2_HUMAN	SYT2_HUMAN
SYT2_HUMAN	SYT5_HUMAN
CR1_HUMAN	CR1_HUMAN
CD4_HUMAN	CD4_HUMAN
XXLT1_HUMAN	XXLT1_HUMAN
PRM3_YEAST	PRM3_YEAST
MGAT3_HUMAN	MGAT3_HUMAN
Y1864_ARATH	Y1864_ARATH
CHSTB_HUMAN	CHSTB_HUMAN
LRL27_ARATH	LRL27_ARATH
Q55F41_DICDI	Q55F41_DICDI
DRKB_DICDI	DRKB_DICDI
Q940B9_ARATH	Q940B9_ARATH
TRML2_HUMAN	TRML2_HUMAN
ADA17_HUMAN	ADA17_HUMAN
STX12_HUMAN	STX12_HUMAN
Q9LSM3_ARATH	Q9LSM3_ARATH
TLR9_HUMAN	TLR9_HUMAN
SEM6B_HUMAN	SEM6B_HUMAN
CD2_HUMAN	CD2_HUMAN
Y5516_ARATH	Y5516_ARATH
EPHA7_HUMAN	EPHA7_HUMAN
PTPRN_HUMAN	PTPRN_HUMAN
ILDR2_HUMAN	ILDR2_HUMAN
ILDR2_HUMAN	LSR_HUMAN
PCDAA_HUMAN	PCDAA_HUMAN
PCDAA_HUMAN	PCDA4_HUMAN
PCDAA_HUMAN	PCDA8_HUMAN
PCDAA_HUMAN	PCDA9_HUMAN
PCDAA_HUMAN	PCDA2_HUMAN
PCDAA_HUMAN	PCDAB_HUMAN
PCDAA_HUMAN	PCDAC_HUMAN
PCDAA_HUMAN	PCDA1_HUMAN
PCDAA_HUMAN	PCDA3_HUMAN
PCDAA_HUMAN	PCDAD_HUMAN
PCDAA_HUMAN	PCDA5_HUMAN
PCDAA_HUMAN	PCDA7_HUMAN
PCDAA_HUMAN	PCDA6_HUMAN
FLT3L_HUMAN	FLT3L_HUMAN
Q551H1_DICDI	Q551H1_DICDI
GMAN2_ARATH	GMAN2_ARATH
ACV1C_HUMAN	ACV1C_HUMAN
Q8T2J5_DICDI	Q8T2J5_DICDI
PDLP8_ARATH	PDLP8_ARATH
AMPQ_HUMAN	AMPQ_HUMAN
FH1_ARATH	FH1_ARATH
YHCB_ECOLI	YHCB_ECOLI
B3GT7_ARATH	B3GT7_ARATH
ERB1_HUMAN	ERB1_HUMAN
I22R1_HUMAN	I22R1_HUMAN
UDB15_HUMAN	UDB15_HUMAN
UDB15_HUMAN	UDB17_HUMAN
UDB15_HUMAN	UDB11_HUMAN
UDB15_HUMAN	UDB10_HUMAN
LRL12_ARATH	LRL12_ARATH
CAD16_HUMAN	CAD16_HUMAN
WAK4_ARATH	WAK4_ARATH
WAK4_ARATH	WAK2_ARATH
WAK4_ARATH	WAK1_ARATH
WAK4_ARATH	WAK5_ARATH
IGF1R_HUMAN	IGF1R_HUMAN
KI2LB_HUMAN	KI2LB_HUMAN
KI2LB_HUMAN	KI3L1_HUMAN
KI2LB_HUMAN	KI2LA_HUMAN
ASPH2_HUMAN	ASPH2_HUMAN
PERK4_ARATH	PERK4_ARATH
LPTC_ECOLI	LPTC_ECOLI
TR10B_HUMAN	TR10B_HUMAN
PTPRB_HUMAN	PTPRB_HUMAN
TMED2_HUMAN	TMED2_HUMAN
BAX_HUMAN	BAX_HUMAN
ADA20_HUMAN	ADA20_HUMAN
CHST4_HUMAN	CHST4_HUMAN
GNT14_DICDI	GNT14_DICDI
FOLH1_HUMAN	FOLH1_HUMAN
PRTG_HUMAN	PRTG_HUMAN
PRLR_HUMAN	PRLR_HUMAN
LRK92_ARATH	LRK92_ARATH
TYRO_HUMAN	TYRO_HUMAN
UXS1_HUMAN	UXS1_HUMAN
SLMAP_HUMAN	SLMAP_HUMAN
TTY13_HUMAN	TTY13_HUMAN
NECT3_HUMAN	NECT3_HUMAN
CSF1R_HUMAN	CSF1R_HUMAN
DMPK_HUMAN	DMPK_HUMAN
Q9XIR9_ARATH	Q9XIR9_ARATH
Q54PK3_DICDI	Q54PK3_DICDI
APX3_ARATH	APX3_ARATH
RRL_ARATH	RRL_ARATH
IL31R_HUMAN	IL31R_HUMAN
Q9SNE4_ARATH	Q9SNE4_ARATH
Q9SNE4_ARATH	Y5720_ARATH
YD209_YEAST	YD209_YEAST
RAGE_HUMAN	RAGE_HUMAN
KI3S1_HUMAN	KI3S1_HUMAN
KI3S1_HUMAN	KI2S2_HUMAN
KI3S1_HUMAN	KI2S1_HUMAN
KI3S1_HUMAN	KI2S4_HUMAN
KI3S1_HUMAN	KI3L3_HUMAN
NSG2_HUMAN	NSG2_HUMAN
Q9FIH3_ARATH	Q9FIH3_ARATH
TM207_HUMAN	TM207_HUMAN
PRIMA_HUMAN	PRIMA_HUMAN
Y5573_ARATH	Y5573_ARATH
HAP2_ARATH	HAP2_ARATH
Q8GYJ5_ARATH	Q8GYJ5_ARATH
Q8GYJ5_ARATH	Q9SZ60_ARATH
AMPN_HUMAN	AMPN_HUMAN
LRP1_HUMAN	LRP1_HUMAN
TMG3_HUMAN	TMG3_HUMAN
ANX1_ARATH	ANX1_ARATH
ANX1_ARATH	ANX2_ARATH
SERK5_ARATH	SERK5_ARATH
MANS4_HUMAN	MANS4_HUMAN
EPHA8_HUMAN	EPHA8_HUMAN
MOGS_HUMAN	MOGS_HUMAN
SE1L3_HUMAN	SE1L3_HUMAN
MXRA8_HUMAN	MXRA8_HUMAN
PTPRC_HUMAN	PTPRC_HUMAN
Q54BT4_DICDI	Q54BT4_DICDI
Q54BT4_DICDI	Q54JJ9_DICDI
Q54BT4_DICDI	Q8T1W0_DICDI
Q54BT4_DICDI	Q54XI0_DICDI
Q54BT4_DICDI	Q54ZW6_DICDI
LRC53_HUMAN	LRC53_HUMAN
INGR1_HUMAN	INGR1_HUMAN
WAKLQ_ARATH	WAKLQ_ARATH
MEM12_ARATH	MEM12_ARATH
MEM12_ARATH	MEM11_ARATH
NECT4_HUMAN	NECT4_HUMAN
FAAH1_HUMAN	FAAH1_HUMAN
LRTM1_HUMAN	LRTM1_HUMAN
LRTM1_HUMAN	LRTM2_HUMAN
Y2451_ARATH	Y2451_ARATH
Y2451_ARATH	Y1755_ARATH
Y3288_ARATH	Y3288_ARATH
Y3288_ARATH	Y5659_ARATH
Y3288_ARATH	Q54XX7_DICDI
Y3288_ARATH	RLK90_ARATH
Y3288_ARATH	Y1848_ARATH
PDLP4_ARATH	PDLP4_ARATH
PDLP4_ARATH	PDLP3_ARATH
PDLP4_ARATH	PDLP2_ARATH
B3GT1_HUMAN	B3GT1_HUMAN
Q8GYH9_ARATH	Q8GYH9_ARATH
Q8GYH9_ARATH	Q67ZF1_ARATH
B4GN1_HUMAN	B4GN1_HUMAN
TM11F_HUMAN	TM11F_HUMAN
DOB_HUMAN	DOB_HUMAN
MEGF9_HUMAN	MEGF9_HUMAN
KLOT_HUMAN	KLOT_HUMAN
EMRA_ECOLI	EMRA_ECOLI
F4IF00_ARATH	F4IF00_ARATH
Q86KD9_DICDI	Q86KD9_DICDI
Q86KD9_DICDI	Q54GV4_DICDI
PEK15_ARATH	PEK15_ARATH
OFUT5_ARATH	OFUT5_ARATH
GOGB1_HUMAN	GOGB1_HUMAN
UPK3L_HUMAN	UPK3L_HUMAN
Q7Y229_ARATH	Q7Y229_ARATH
PME26_ARATH	PME26_ARATH
B3H7E7_ARATH	B3H7E7_ARATH
B3H7E7_ARATH	Q9SRZ3_ARATH
PGFRB_HUMAN	PGFRB_HUMAN
INSR_HUMAN	INSR_HUMAN
Y1668_ARATH	Y1668_ARATH
ITA10_HUMAN	ITA10_HUMAN
ANTR1_HUMAN	ANTR1_HUMAN
TGRB1_DICDI	TGRB1_DICDI
TEN1_HUMAN	TEN1_HUMAN
SIRK_ARATH	SIRK_ARATH
GPA33_HUMAN	GPA33_HUMAN
CML47_ARATH	CML47_ARATH
ICML1_ARATH	ICML1_ARATH
ICML1_ARATH	ICML2_ARATH
ERVV1_HUMAN	ERVV1_HUMAN
STX2_HUMAN	STX2_HUMAN
Y5457_ARATH	Y5457_ARATH
NCTR3_HUMAN	NCTR3_HUMAN
CRK22_ARATH	CRK22_ARATH
VSIG2_HUMAN	VSIG2_HUMAN
CLM8_HUMAN	CLM8_HUMAN
SIA7E_HUMAN	SIA7E_HUMAN
O22953_ARATH	O22953_ARATH
DPP4_HUMAN	DPP4_HUMAN
K0319_HUMAN	K0319_HUMAN
ATL47_ARATH	ATL47_ARATH
GRPL2_HUMAN	GRPL2_HUMAN
PPA2_ARATH	PPA2_ARATH
SLAF9_HUMAN	SLAF9_HUMAN
ZP4_HUMAN	ZP4_HUMAN
Q54ZH1_DICDI	Q54ZH1_DICDI
TNR9_HUMAN	TNR9_HUMAN
ICAM1_HUMAN	ICAM1_HUMAN
INSRR_HUMAN	INSRR_HUMAN
F4IPZ3_ARATH	F4IPZ3_ARATH
RLK0_ARATH	RLK0_ARATH
GPI16_YEAST	GPI16_YEAST
MEG11_HUMAN	MEG11_HUMAN
GOSR1_HUMAN	GOSR1_HUMAN
IDD_HUMAN	IDD_HUMAN
PDLP5_ARATH	PDLP5_ARATH
LYAM3_HUMAN	LYAM3_HUMAN
YOHO_ECOLI	YOHO_ECOLI
CAH14_HUMAN	CAH14_HUMAN
COQ8A_HUMAN	COQ8A_HUMAN
COQ8A_HUMAN	COQ8B_HUMAN
JAG1_HUMAN	JAG1_HUMAN
PTPRT_HUMAN	PTPRT_HUMAN
PTPRT_HUMAN	PTPRM_HUMAN
LAMP5_HUMAN	LAMP5_HUMAN
I12R2_HUMAN	I12R2_HUMAN
I20RA_HUMAN	I20RA_HUMAN
Q55FD0_DICDI	Q55FD0_DICDI
ACR4L_ARATH	ACR4L_ARATH
NETO1_HUMAN	NETO1_HUMAN
RLP45_ARATH	RLP45_ARATH
GAUT1_ARATH	GAUT1_ARATH
IL4RA_HUMAN	IL4RA_HUMAN
CRK32_ARATH	CRK32_ARATH
DRKC_DICDI	DRKC_DICDI
Y9596_DICDI	Y9596_DICDI
LRC32_HUMAN	LRC32_HUMAN
GLTL6_HUMAN	GLTL6_HUMAN
GLTL6_HUMAN	GLT10_HUMAN
VAN1_YEAST	VAN1_YEAST
ENK21_HUMAN	ENK21_HUMAN
ENK21_HUMAN	ENK19_HUMAN
ENK21_HUMAN	ENK6_HUMAN
ENK21_HUMAN	ENK5_HUMAN
ENK21_HUMAN	ENK25_HUMAN
ENK21_HUMAN	ENK9_HUMAN
ENK21_HUMAN	ENK11_HUMAN
LK110_ARATH	LK110_ARATH
F4JTH1_ARATH	F4JTH1_ARATH
HOKC_ECOLI	HOKC_ECOLI
WAKLP_ARATH	WAKLP_ARATH
I11RA_HUMAN	I11RA_HUMAN
NDST1_HUMAN	NDST1_HUMAN
LRK91_ARATH	LRK91_ARATH
TFR1_HUMAN	TFR1_HUMAN
SIM22_HUMAN	SIM22_HUMAN
BRI1_ARATH	BRI1_ARATH
FTSB_ECOLI	FTSB_ECOLI
Q54V92_DICDI	Q54V92_DICDI
B3GA2_HUMAN	B3GA2_HUMAN
CHST2_HUMAN	CHST2_HUMAN
TGRI3_DICDI	TGRI3_DICDI
GUX1_ARATH	GUX1_ARATH
EGF_HUMAN	EGF_HUMAN
PEK11_ARATH	PEK11_ARATH
SD129_ARATH	SD129_ARATH
SD129_ARATH	Y1137_ARATH
SD129_ARATH	Y1639_ARATH
FIS1A_ARATH	FIS1A_ARATH
CL17A_HUMAN	CL17A_HUMAN
PLAT4_HUMAN	PLAT4_HUMAN
NCER1_ARATH	NCER1_ARATH
BTNL3_HUMAN	BTNL3_HUMAN
PILRA_HUMAN	PILRA_HUMAN
ALK_HUMAN	ALK_HUMAN
S31D1_HUMAN	S31D1_HUMAN
RYK_HUMAN	RYK_HUMAN
TMIG2_HUMAN	TMIG2_HUMAN
E2AK3_HUMAN	E2AK3_HUMAN
TPOR_HUMAN	TPOR_HUMAN
ESYT2_HUMAN	ESYT2_HUMAN
MIC27_YEAST	MIC27_YEAST
Y1142_ARATH	Y1142_ARATH
B3H6G3_ARATH	B3H6G3_ARATH
B3H6G3_ARATH	Q5XV90_ARATH
HIDE1_HUMAN	HIDE1_HUMAN
F174C_HUMAN	F174C_HUMAN
SSRA_DICDI	SSRA_DICDI
CN165_HUMAN	CN165_HUMAN
Q5EAF1_ARATH	Q5EAF1_ARATH
AT1B4_HUMAN	AT1B4_HUMAN
ATL12_ARATH	ATL12_ARATH
IREA_DICDI	IREA_DICDI
A4_HUMAN	A4_HUMAN
ATL77_ARATH	ATL77_ARATH
PGES2_HUMAN	PGES2_HUMAN
ICAM5_HUMAN	ICAM5_HUMAN
Y1634_ARATH	Y1634_ARATH
SYP42_ARATH	SYP42_ARATH
Q54RN7_DICDI	Q54RN7_DICDI
GPNMB_HUMAN	GPNMB_HUMAN
Q4PL95_ARATH	Q4PL95_ARATH
Y1816_ARATH	Y1816_ARATH
PC11X_HUMAN	PC11X_HUMAN
PC11X_HUMAN	PC11Y_HUMAN
PC11X_HUMAN	PCDH9_HUMAN
F4IZ13_ARATH	F4IZ13_ARATH
Y5393_ARATH	Y5393_ARATH
Y5393_ARATH	Y5392_ARATH
ADA15_HUMAN	ADA15_HUMAN
SGCE_HUMAN	SGCE_HUMAN
SGCE_HUMAN	SGCA_HUMAN
NUCMR_DICDI	NUCMR_DICDI
Q9LK30_ARATH	Q9LK30_ARATH
RMD2_HUMAN	RMD2_HUMAN
Q9M2D7_ARATH	Q9M2D7_ARATH
PDLP7_ARATH	PDLP7_ARATH
Q54GR8_DICDI	Q54GR8_DICDI
CDHR3_HUMAN	CDHR3_HUMAN
PAR16_HUMAN	PAR16_HUMAN
Y5639_ARATH	Y5639_ARATH
Y5639_ARATH	Y2317_ARATH
CADM1_HUMAN	CADM1_HUMAN
SY112_ARATH	SY112_ARATH
FGRL1_HUMAN	FGRL1_HUMAN
EPOR_HUMAN	EPOR_HUMAN
RN133_HUMAN	RN133_HUMAN
ADA18_HUMAN	ADA18_HUMAN
P2C11_ARATH	P2C11_ARATH
FGFR4_HUMAN	FGFR4_HUMAN
TRBC1_HUMAN	TRBC1_HUMAN
P2C51_ARATH	P2C51_ARATH
Y4966_ARATH	Y4966_ARATH
Q55EH0_DICDI	Q55EH0_DICDI
Q9LYQ0_ARATH	Q9LYQ0_ARATH
RLP39_ARATH	RLP39_ARATH
RLP39_ARATH	RLP41_ARATH
RLP39_ARATH	RLP42_ARATH
TRHDE_HUMAN	TRHDE_HUMAN
Q556Y3_DICDI	Q556Y3_DICDI
Q86HR8_DICDI	Q86HR8_DICDI
VSIG8_HUMAN	VSIG8_HUMAN
PLD3_HUMAN	PLD3_HUMAN
SIM13_HUMAN	SIM13_HUMAN
Q9C9A1_ARATH	Q9C9A1_ARATH
RGI2_ARATH	RGI2_ARATH
WAKLE_ARATH	WAKLE_ARATH
WAKLE_ARATH	WAKLC_ARATH
WAKLE_ARATH	WAKLD_ARATH
WAKLE_ARATH	WAKLB_ARATH
WAKLE_ARATH	WAKLF_ARATH
Q52K84_ARATH	Q52K84_ARATH
NTRK2_HUMAN	NTRK2_HUMAN
HRCT1_HUMAN	HRCT1_HUMAN
CKAP4_HUMAN	CKAP4_HUMAN
NAGPA_HUMAN	NAGPA_HUMAN
NTRK1_HUMAN	NTRK1_HUMAN
NTRK1_HUMAN	NTRK3_HUMAN
PLD4_HUMAN	PLD4_HUMAN
MRX4_YEAST	MRX4_YEAST
GNT15_DICDI	GNT15_DICDI
Q54FR2_DICDI	Q54FR2_DICDI
Q54MJ4_DICDI	Q54MJ4_DICDI
PSD1_ARATH	PSD1_ARATH
FTSL_ECOLI	FTSL_ECOLI
SIRPG_HUMAN	SIRPG_HUMAN
JAML_HUMAN	JAML_HUMAN
CD166_HUMAN	CD166_HUMAN
KIL1_DICDI	KIL1_DICDI
CLC5A_HUMAN	CLC5A_HUMAN
Q54U33_DICDI	Q54U33_DICDI
NKG2D_HUMAN	NKG2D_HUMAN
GAFA1_HUMAN	GAFA1_HUMAN
AI1M_YEAST	AI1M_YEAST
AMGO3_HUMAN	AMGO3_HUMAN
AMGO3_HUMAN	AMGO2_HUMAN
TMM81_HUMAN	TMM81_HUMAN
SRF5_ARATH	SRF5_ARATH
LMAN1_HUMAN	LMAN1_HUMAN
EPHX4_HUMAN	EPHX4_HUMAN
LRP12_HUMAN	LRP12_HUMAN
PTPRG_HUMAN	PTPRG_HUMAN
PTPRG_HUMAN	PTPRZ_HUMAN
ATL6_ARATH	ATL6_ARATH
ATL6_ARATH	ATL31_ARATH
ATL6_ARATH	ATL57_ARATH
B3GT6_ARATH	B3GT6_ARATH
PDPN_HUMAN	PDPN_HUMAN
CEA19_HUMAN	CEA19_HUMAN
CRK42_ARATH	CRK42_ARATH
AOFA_HUMAN	AOFA_HUMAN
IGS11_HUMAN	IGS11_HUMAN
CSTN1_HUMAN	CSTN1_HUMAN
NDST3_HUMAN	NDST3_HUMAN
NDST3_HUMAN	NDST4_HUMAN
MRL1_YEAST	MRL1_YEAST
DPP6_HUMAN	DPP6_HUMAN
DPP6_HUMAN	DPP10_HUMAN
GPIX_HUMAN	GPIX_HUMAN
FUT6_HUMAN	FUT6_HUMAN
FUT6_HUMAN	FUT3_HUMAN
FUT6_HUMAN	FUT5_HUMAN
DEXI_HUMAN	DEXI_HUMAN
WAKLG_ARATH	WAKLG_ARATH
CLC4D_HUMAN	CLC4D_HUMAN
AIM36_YEAST	AIM36_YEAST
PSRK_ARATH	PSRK_ARATH
PSRK_ARATH	SD16_ARATH
PSRK_ARATH	SD18_ARATH
PSRK_ARATH	SD17_ARATH
LYK3_ARATH	LYK3_ARATH
TLR2_HUMAN	TLR2_HUMAN
SMIM2_HUMAN	SMIM2_HUMAN
PLPL6_HUMAN	PLPL6_HUMAN
FUT2_HUMAN	FUT2_HUMAN
VSTM5_HUMAN	VSTM5_HUMAN
GXLT2_HUMAN	GXLT2_HUMAN
WIP2_ARATH	WIP2_ARATH
ELAP1_HUMAN	ELAP1_HUMAN
ELAP1_HUMAN	ELAP2_HUMAN
PGAM5_HUMAN	PGAM5_HUMAN
FCGRN_HUMAN	FCGRN_HUMAN
ANPRB_HUMAN	ANPRB_HUMAN
PLAT3_HUMAN	PLAT3_HUMAN
ELAB_ECOLI	ELAB_ECOLI
ELAB_ECOLI	YQJD_ECOLI
ELAB_ECOLI	YGAM_ECOLI
Q45GK4_ARATH	Q45GK4_ARATH
GSPI_ECOLI	GSPI_ECOLI
B2L13_HUMAN	B2L13_HUMAN
Q8GXY6_ARATH	Q8GXY6_ARATH
JAM1_HUMAN	JAM1_HUMAN
CA162_HUMAN	CA162_HUMAN
Y2650_ARATH	Y2650_ARATH
SRCRM_HUMAN	SRCRM_HUMAN
IKU2_ARATH	IKU2_ARATH
Q9FJC9_ARATH	Q9FJC9_ARATH
HRD3_YEAST	HRD3_YEAST
AT1B1_HUMAN	AT1B1_HUMAN
F171B_HUMAN	F171B_HUMAN
TUTLB_HUMAN	TUTLB_HUMAN
Y5597_ARATH	Y5597_ARATH
Q54LN5_DICDI	Q54LN5_DICDI
CRUM1_HUMAN	CRUM1_HUMAN
IL5RA_HUMAN	IL5RA_HUMAN
UQCC3_HUMAN	UQCC3_HUMAN
SFH6_ARATH	SFH6_ARATH
F4JS75_ARATH	F4JS75_ARATH
INAR1_HUMAN	INAR1_HUMAN
MRFL_HUMAN	MRFL_HUMAN
FLS2_ARATH	FLS2_ARATH
Q55D71_DICDI	Q55D71_DICDI
Q93ZR2_ARATH	Q93ZR2_ARATH
Q93ZR2_ARATH	Q8VYF6_ARATH
Q93ZR2_ARATH	F4JCJ2_ARATH
ERECT_ARATH	ERECT_ARATH
RET_HUMAN	RET_HUMAN
Q9LT87_ARATH	Q9LT87_ARATH
RMUC_ECOLI	RMUC_ECOLI
LRRN1_HUMAN	LRRN1_HUMAN
CRK36_ARATH	CRK36_ARATH
Y3989_DICDI	Y3989_DICDI
Y4990_ARATH	Y4990_ARATH
FAT4_HUMAN	FAT4_HUMAN
THS7B_HUMAN	THS7B_HUMAN
THS7B_HUMAN	THS7A_HUMAN
CRK5_ARATH	CRK5_ARATH
LMTK3_HUMAN	LMTK3_HUMAN
Y5838_ARATH	Y5838_ARATH
Y5374_ARATH	Y5374_ARATH
LIGO4_HUMAN	LIGO4_HUMAN
CD34_HUMAN	CD34_HUMAN
VAPB_HUMAN	VAPB_HUMAN
TNR18_HUMAN	TNR18_HUMAN
TLR3_HUMAN	TLR3_HUMAN
ANTR2_HUMAN	ANTR2_HUMAN
TMG2_HUMAN	TMG2_HUMAN
LRK32_ARATH	LRK32_ARATH
EMB_HUMAN	EMB_HUMAN
LIRB1_HUMAN	LIRB1_HUMAN
LIRB1_HUMAN	LIRB2_HUMAN
ANPRC_HUMAN	ANPRC_HUMAN
Q9FKR7_ARATH	Q9FKR7_ARATH
B3GT8_ARATH	B3GT8_ARATH
PSKR1_ARATH	PSKR1_ARATH
VAMP2_HUMAN	VAMP2_HUMAN
VAMP2_HUMAN	VAMP1_HUMAN
H6ST1_HUMAN	H6ST1_HUMAN
VAP13_ARATH	VAP13_ARATH
PTPRH_HUMAN	PTPRH_HUMAN
PPDA_ECOLI	PPDA_ECOLI
LRK81_ARATH	LRK81_ARATH
LRK81_ARATH	LRK82_ARATH
AOFB_HUMAN	AOFB_HUMAN
SLIK3_HUMAN	SLIK3_HUMAN
FLIO_ECOLI	FLIO_ECOLI
Q9FM26_ARATH	Q9FM26_ARATH
APLP1_HUMAN	APLP1_HUMAN
CHST8_HUMAN	CHST8_HUMAN
IGHM_HUMAN	IGHM_HUMAN
M1230_ARATH	M1230_ARATH
Q9SN05_ARATH	Q9SN05_ARATH
Q9SN05_ARATH	F4IZB4_ARATH
Q9SN05_ARATH	Q9SN03_ARATH
Q9SN05_ARATH	Q9S7S4_ARATH
Q9SN05_ARATH	Q9SNE9_ARATH
DHI1_HUMAN	DHI1_HUMAN
SLG1_YEAST	SLG1_YEAST
SACA1_HUMAN	SACA1_HUMAN
SD11_ARATH	SD11_ARATH
Q54PK0_DICDI	Q54PK0_DICDI
LIRB5_HUMAN	LIRB5_HUMAN
LIRB5_HUMAN	LIRB3_HUMAN
WAKLJ_ARATH	WAKLJ_ARATH
WAKLJ_ARATH	WAKLH_ARATH
CK087_HUMAN	CK087_HUMAN
EPHAA_HUMAN	EPHAA_HUMAN
CAH9_HUMAN	CAH9_HUMAN
H6ST2_HUMAN	H6ST2_HUMAN
CGAT2_HUMAN	CGAT2_HUMAN
Y5188_ARATH	Y5188_ARATH
Y5188_ARATH	Y1518_ARATH
Y5188_ARATH	F4IB71_ARATH
SIA4C_HUMAN	SIA4C_HUMAN
IGS23_HUMAN	IGS23_HUMAN
FH9_ARATH	FH9_ARATH
Y1124_ARATH	Y1124_ARATH
PLXA4_HUMAN	PLXA4_HUMAN
PLXA4_HUMAN	PLXA2_HUMAN
CMTD1_HUMAN	CMTD1_HUMAN
COX8A_HUMAN	COX8A_HUMAN
TPST2_HUMAN	TPST2_HUMAN
PLVAP_HUMAN	PLVAP_HUMAN
Q54WL1_DICDI	Q54WL1_DICDI
Q54WL1_DICDI	Q54L18_DICDI
Q54L10_DICDI	Q54L10_DICDI
YIBH_ECOLI	YIBH_ECOLI
Q54KR8_DICDI	Q54KR8_DICDI
CDHR1_HUMAN	CDHR1_HUMAN
PSKR2_ARATH	PSKR2_ARATH
SEM5B_HUMAN	SEM5B_HUMAN
FL1L_ARATH	FL1L_ARATH
Q559U0_DICDI	Q559U0_DICDI
Q559U0_DICDI	B0G154_DICDI
TDA7_YEAST	TDA7_YEAST
CR3L2_HUMAN	CR3L2_HUMAN
BNI3L_HUMAN	BNI3L_HUMAN
BNI3L_HUMAN	BNIP3_HUMAN
CRK3_ARATH	CRK3_ARATH
APRV1_HUMAN	APRV1_HUMAN
TOM70_YEAST	TOM70_YEAST
PTPRE_HUMAN	PTPRE_HUMAN
BAK_HUMAN	BAK_HUMAN
BT3A3_HUMAN	BT3A3_HUMAN
BT3A3_HUMAN	BT3A1_HUMAN
Q9FJW9_ARATH	Q9FJW9_ARATH
FICD_HUMAN	FICD_HUMAN
CD72_HUMAN	CD72_HUMAN
YB126_YEAST	YB126_YEAST
Q869U2_DICDI	Q869U2_DICDI
LRL24_ARATH	LRL24_ARATH
Q5S4T6_ARATH	Q5S4T6_ARATH
ST14_HUMAN	ST14_HUMAN
ZPLD1_HUMAN	ZPLD1_HUMAN
RMR1_ARATH	RMR1_ARATH
ERP5_YEAST	ERP5_YEAST
CLC10_HUMAN	CLC10_HUMAN
CLC1B_HUMAN	CLC1B_HUMAN
CD3D_HUMAN	CD3D_HUMAN
FLU_ARATH	FLU_ARATH
NETO2_HUMAN	NETO2_HUMAN
EPHA1_HUMAN	EPHA1_HUMAN
CTLA4_HUMAN	CTLA4_HUMAN
EPHA5_HUMAN	EPHA5_HUMAN
EPHA5_HUMAN	EPHA3_HUMAN
Q55AX3_DICDI	Q55AX3_DICDI
TGFR1_HUMAN	TGFR1_HUMAN
DLK2_HUMAN	DLK2_HUMAN
FCRL2_HUMAN	FCRL2_HUMAN
F4KAX4_ARATH	F4KAX4_ARATH
Q54BI9_DICDI	Q54BI9_DICDI
Q54BI9_DICDI	Q54S23_DICDI
Q54BI9_DICDI	Q54BJ0_DICDI
P4HTM_HUMAN	P4HTM_HUMAN
EVA1A_HUMAN	EVA1A_HUMAN
EVA1A_HUMAN	EVA1C_HUMAN
EVA1A_HUMAN	EVA1B_HUMAN
SEM4F_HUMAN	SEM4F_HUMAN
F4I9T6_ARATH	F4I9T6_ARATH
BCP1_ARATH	BCP1_ARATH
PPDC_ECOLI	PPDC_ECOLI
WAKLI_ARATH	WAKLI_ARATH
MTL1_YEAST	MTL1_YEAST
HLAC_HUMAN	HLAC_HUMAN
HLAC_HUMAN	HLAF_HUMAN
HLAC_HUMAN	HLAH_HUMAN
HLAC_HUMAN	HLAA_HUMAN
HLAC_HUMAN	HLAG_HUMAN
HLAC_HUMAN	HLAB_HUMAN
AATPK_ARATH	AATPK_ARATH
AATPK_ARATH	AATPE_ARATH
PR5K_ARATH	PR5K_ARATH
FIS1_HUMAN	FIS1_HUMAN
O82354_ARATH	O82354_ARATH
Y4361_ARATH	Y4361_ARATH
PSIG_DICDI	PSIG_DICDI
Q55DV6_DICDI	Q55DV6_DICDI
Q54NG6_DICDI	Q54NG6_DICDI
TMK4_ARATH	TMK4_ARATH
Q8L855_ARATH	Q8L855_ARATH
SERK1_ARATH	SERK1_ARATH
SERK1_ARATH	SERK4_ARATH
SERK1_ARATH	SERK2_ARATH
LRK62_ARATH	LRK62_ARATH
BCAM_HUMAN	BCAM_HUMAN
LRP4_HUMAN	LRP4_HUMAN
CG013_HUMAN	CG013_HUMAN
F4KIP1_ARATH	F4KIP1_ARATH
CC90B_HUMAN	CC90B_HUMAN
IBSB_ECOLI	IBSB_ECOLI
INAM2_HUMAN	INAM2_HUMAN
ZP2_HUMAN	ZP2_HUMAN
FZO1_YEAST	FZO1_YEAST
ABHD1_HUMAN	ABHD1_HUMAN
NLGNX_HUMAN	NLGNX_HUMAN
NLGNX_HUMAN	NLGN3_HUMAN
NLGNX_HUMAN	NLGNY_HUMAN
NLGNX_HUMAN	NLGN1_HUMAN
NLGNX_HUMAN	NLGN2_HUMAN
FCERA_HUMAN	FCERA_HUMAN
CASP_ARATH	CASP_ARATH
CASP_ARATH	CASP_HUMAN
ALG1_YEAST	ALG1_YEAST
Q8VYI8_ARATH	Q8VYI8_ARATH
TYW1B_HUMAN	TYW1B_HUMAN
TYW1B_HUMAN	TYW1_HUMAN
Q9FNL4_ARATH	Q9FNL4_ARATH
CLC4F_HUMAN	CLC4F_HUMAN
GDU7_ARATH	GDU7_ARATH
Q9M212_ARATH	Q9M212_ARATH
BAME2_ARATH	BAME2_ARATH
SIM18_HUMAN	SIM18_HUMAN
CISD1_HUMAN	CISD1_HUMAN
Y2899_ARATH	Y2899_ARATH
Y5530_DICDI	Y5530_DICDI
EPHA4_HUMAN	EPHA4_HUMAN
MRAP2_HUMAN	MRAP2_HUMAN
MRAP2_HUMAN	MRAP_HUMAN
PRM5_YEAST	PRM5_YEAST
DRS7C_HUMAN	DRS7C_HUMAN
FIS1_YEAST	FIS1_YEAST
RLP5_ARATH	RLP5_ARATH
NPDC1_HUMAN	NPDC1_HUMAN
IGDC4_HUMAN	IGDC4_HUMAN
Q54J45_DICDI	Q54J45_DICDI
Q54J45_DICDI	Q54J46_DICDI
I13R1_HUMAN	I13R1_HUMAN
GSPG_ECOLI	GSPG_ECOLI
RMA3_ARATH	RMA3_ARATH
I17RB_HUMAN	I17RB_HUMAN
B3GTD_ARATH	B3GTD_ARATH
LPH_HUMAN	LPH_HUMAN
CRK33_ARATH	CRK33_ARATH
DHKC_DICDI	DHKC_DICDI
ATF6B_HUMAN	ATF6B_HUMAN
NCAM2_HUMAN	NCAM2_HUMAN
SD22_ARATH	SD22_ARATH
SYNE1_HUMAN	SYNE1_HUMAN
Q9S790_ARATH	Q9S790_ARATH
CR3L4_HUMAN	CR3L4_HUMAN
GUX2_ARATH	GUX2_ARATH
NHL26_ARATH	NHL26_ARATH
Q86AX2_DICDI	Q86AX2_DICDI
AEGP_HUMAN	AEGP_HUMAN
IL2RG_HUMAN	IL2RG_HUMAN
TUTLA_HUMAN	TUTLA_HUMAN
Q9FFJ5_ARATH	Q9FFJ5_ARATH
Q9FFJ5_ARATH	Q5XEN4_ARATH
SRF7_ARATH	SRF7_ARATH
SRF7_ARATH	SRF6_ARATH
GLPA_HUMAN	GLPA_HUMAN
HSL2_ARATH	HSL2_ARATH
RELL1_HUMAN	RELL1_HUMAN
RELL1_HUMAN	RELL2_HUMAN
RELL1_HUMAN	TR19L_HUMAN
IMPG2_HUMAN	IMPG2_HUMAN
TYW1_YEAST	TYW1_YEAST
KLRG1_HUMAN	KLRG1_HUMAN
Y3359_ARATH	Y3359_ARATH
RLP54_ARATH	RLP54_ARATH
GALT4_HUMAN	GALT4_HUMAN
SLAF8_HUMAN	SLAF8_HUMAN
SIG11_HUMAN	SIG11_HUMAN
ATL11_ARATH	ATL11_ARATH
ATL11_ARATH	ATL32_ARATH
KIRR1_HUMAN	KIRR1_HUMAN
TR10D_HUMAN	TR10D_HUMAN
TM210_HUMAN	TM210_HUMAN
PRK2_ARATH	PRK2_ARATH
Y9294_DICDI	Y9294_DICDI
F4HX06_ARATH	F4HX06_ARATH
MYOB6_ARATH	MYOB6_ARATH
YO329_YEAST	YO329_YEAST
F4JDN8_ARATH	F4JDN8_ARATH
TMX4_HUMAN	TMX4_HUMAN
FDFT1_ARATH	FDFT1_ARATH
MUC4_HUMAN	MUC4_HUMAN
DSC2_HUMAN	DSC2_HUMAN
DSC2_HUMAN	DSC3_HUMAN
DSC2_HUMAN	DSC1_HUMAN
SGCD_HUMAN	SGCD_HUMAN
SGCD_HUMAN	SGCG_HUMAN
SGCD_HUMAN	SGCZ_HUMAN
CHST5_HUMAN	CHST5_HUMAN
Y2921_ARATH	Y2921_ARATH
LCB1_ARATH	LCB1_ARATH
DMA_HUMAN	DMA_HUMAN
VISTA_HUMAN	VISTA_HUMAN
HXK2_ARATH	HXK2_ARATH
HXK2_ARATH	HXK1_ARATH
YJGX_ECOLI	YJGX_ECOLI
TYRO3_HUMAN	TYRO3_HUMAN
ADA30_HUMAN	ADA30_HUMAN
SIRB1_HUMAN	SIRB1_HUMAN
PLXD1_HUMAN	PLXD1_HUMAN
Q54WY3_DICDI	Q54WY3_DICDI
Q54WY3_DICDI	Q554H4_DICDI
Q54WY3_DICDI	Q8T282_DICDI
UXS1_ARATH	UXS1_ARATH
UXS1_ARATH	B3H4I6_ARATH
CD86_HUMAN	CD86_HUMAN
SIGL9_HUMAN	SIGL9_HUMAN
VGFR1_HUMAN	VGFR1_HUMAN
TIE2_HUMAN	TIE2_HUMAN
S31E1_HUMAN	S31E1_HUMAN
O23695_ARATH	O23695_ARATH
CD7_HUMAN	CD7_HUMAN
TIM14_YEAST	TIM14_YEAST
LYK2_ARATH	LYK2_ARATH
SARCO_HUMAN	SARCO_HUMAN
LRAD1_HUMAN	LRAD1_HUMAN
ERBB4_HUMAN	ERBB4_HUMAN
Q86L22_DICDI	Q86L22_DICDI
EDA30_ARATH	EDA30_ARATH
ATL72_ARATH	ATL72_ARATH
LRK17_ARATH	LRK17_ARATH
STIM2_HUMAN	STIM2_HUMAN
STIM2_HUMAN	STIM1_HUMAN
UXS2_ARATH	UXS2_ARATH
UXS2_ARATH	C0Z2I3_ARATH
Q9SMT6_ARATH	Q9SMT6_ARATH
SI139_DICDI	SI139_DICDI
VAPA_HUMAN	VAPA_HUMAN
GLT11_HUMAN	GLT11_HUMAN
SDC1_HUMAN	SDC1_HUMAN
LRC55_HUMAN	LRC55_HUMAN
CA185_HUMAN	CA185_HUMAN
TGR3L_HUMAN	TGR3L_HUMAN
ABHD3_HUMAN	ABHD3_HUMAN
PEK13_ARATH	PEK13_ARATH
PEK13_ARATH	PEK12_ARATH
PLD5_HUMAN	PLD5_HUMAN
F4KJ04_ARATH	F4KJ04_ARATH
TREM1_HUMAN	TREM1_HUMAN
Y1675_ARATH	Y1675_ARATH
B3GT2_ARATH	B3GT2_ARATH
B3GT2_ARATH	B3GT3_ARATH
IL2RB_HUMAN	IL2RB_HUMAN
CHST1_HUMAN	CHST1_HUMAN
YJY2_YEAST	YJY2_YEAST
PTN2_HUMAN	PTN2_HUMAN
SEPR_HUMAN	SEPR_HUMAN
LY9_HUMAN	LY9_HUMAN
SYT5_ARATH	SYT5_ARATH
LRL28_ARATH	LRL28_ARATH
PEPR1_ARATH	PEPR1_ARATH
Q55AW2_DICDI	Q55AW2_DICDI
LRC19_HUMAN	LRC19_HUMAN
LRK42_ARATH	LRK42_ARATH
TNR27_HUMAN	TNR27_HUMAN
FUT4_HUMAN	FUT4_HUMAN
RSXB_ECOLI	RSXB_ECOLI
ATL1_ARATH	ATL1_ARATH
AT1B3_HUMAN	AT1B3_HUMAN
AT1B3_HUMAN	AT1B2_HUMAN
PPAP_HUMAN	PPAP_HUMAN
HPH1_YEAST	HPH1_YEAST
SPEM1_HUMAN	SPEM1_HUMAN
Y1393_METJA	Y1393_METJA
PPAT_HUMAN	PPAT_HUMAN
EPHB4_HUMAN	EPHB4_HUMAN
Q9FYL9_ARATH	Q9FYL9_ARATH
Q9LFB1_ARATH	Q9LFB1_ARATH
FAT2_HUMAN	FAT2_HUMAN
DIK1A_HUMAN	DIK1A_HUMAN
SIT1_HUMAN	SIT1_HUMAN
TGBR3_HUMAN	TGBR3_HUMAN
TGBR3_HUMAN	EGLN_HUMAN
SYT10_HUMAN	SYT10_HUMAN
RRA2_ARATH	RRA2_ARATH
UBP1_YEAST	UBP1_YEAST
ROBO3_HUMAN	ROBO3_HUMAN
IZUM2_HUMAN	IZUM2_HUMAN
BRL3_ARATH	BRL3_ARATH
CHSTF_HUMAN	CHSTF_HUMAN
ACCR2_ARATH	ACCR2_ARATH
AL3I1_ARATH	AL3I1_ARATH
KO1_ARATH	KO1_ARATH
LYVE1_HUMAN	LYVE1_HUMAN
CBPD_HUMAN	CBPD_HUMAN
MFF_HUMAN	MFF_HUMAN
FLRT3_HUMAN	FLRT3_HUMAN
FLRT3_HUMAN	FLRT1_HUMAN
Q9ZUQ6_ARATH	Q9ZUQ6_ARATH
Q9ZUQ6_ARATH	Q9XIQ1_ARATH
CLC6A_HUMAN	CLC6A_HUMAN
TBL18_ARATH	TBL18_ARATH
TBL18_ARATH	TBL17_ARATH
Y8602_DICDI	Y8602_DICDI
SEM5A_HUMAN	SEM5A_HUMAN
AOC3_HUMAN	AOC3_HUMAN
ADA12_HUMAN	ADA12_HUMAN
ATL44_ARATH	ATL44_ARATH
ATL44_ARATH	ATL45_ARATH
SYP21_ARATH	SYP21_ARATH
HCST_HUMAN	HCST_HUMAN
Y1180_METJA	Y1180_METJA
TYRP2_HUMAN	TYRP2_HUMAN
ROBO2_HUMAN	ROBO2_HUMAN
ROBO2_HUMAN	ROBO1_HUMAN
CADC_ECOLI	CADC_ECOLI
COX8_YEAST	COX8_YEAST
LRFN2_HUMAN	LRFN2_HUMAN
TACT_HUMAN	TACT_HUMAN
SYT4_ARATH	SYT4_ARATH
WAKLA_ARATH	WAKLA_ARATH
ABHEA_HUMAN	ABHEA_HUMAN
TMED1_HUMAN	TMED1_HUMAN
Y415_METJA	Y415_METJA
Q9FM00_ARATH	Q9FM00_ARATH
MPRI_HUMAN	MPRI_HUMAN
GEM1_YEAST	GEM1_YEAST
SHPS1_HUMAN	SHPS1_HUMAN
Y5185_ARATH	Y5185_ARATH
ERV2_YEAST	ERV2_YEAST
Q9C9T1_ARATH	Q9C9T1_ARATH
VGFR3_HUMAN	VGFR3_HUMAN
MANS1_HUMAN	MANS1_HUMAN
TR10C_HUMAN	TR10C_HUMAN
Y3295_ARATH	Y3295_ARATH
EPGN_HUMAN	EPGN_HUMAN
Y5371_ARATH	Y5371_ARATH
FLT3_HUMAN	FLT3_HUMAN
CEIP2_HUMAN	CEIP2_HUMAN
Q54YB0_DICDI	Q54YB0_DICDI
IL3RB_HUMAN	IL3RB_HUMAN
LRK53_ARATH	LRK53_ARATH
CAD17_HUMAN	CAD17_HUMAN
ECE2_HUMAN	ECE2_HUMAN
ECE2_HUMAN	ECE1_HUMAN
Y2923_ARATH	Y2923_ARATH
NCAM1_HUMAN	NCAM1_HUMAN
ITA5_HUMAN	ITA5_HUMAN
JPH1_HUMAN	JPH1_HUMAN
JPH1_HUMAN	JPH3_HUMAN
SRF8_ARATH	SRF8_ARATH
SRF8_ARATH	B3H541_ARATH
B3GT9_ARATH	B3GT9_ARATH
B3GT9_ARATH	B3GTB_ARATH
F4I9A5_ARATH	F4I9A5_ARATH
CD3G_HUMAN	CD3G_HUMAN
Q9LR71_ARATH	Q9LR71_ARATH
Y2232_ARATH	Y2232_ARATH
Q54U05_DICDI	Q54U05_DICDI
Q54U05_DICDI	TGRD1_DICDI
Q556V2_DICDI	Q556V2_DICDI
Q556V2_DICDI	Q54U91_DICDI
Q556V2_DICDI	Q54FI2_DICDI
AIM39_YEAST	AIM39_YEAST
B4GT6_HUMAN	B4GT6_HUMAN
B4GT6_HUMAN	B4GT5_HUMAN
S31C2_HUMAN	S31C2_HUMAN
S31C2_HUMAN	S31C1_HUMAN
AATP1_ARATH	AATP1_ARATH
SLIK5_HUMAN	SLIK5_HUMAN
SLIK5_HUMAN	SLIK6_HUMAN
U519B_DICDI	U519B_DICDI
ASD_METJA	ASD_METJA
B4GN2_HUMAN	B4GN2_HUMAN
Y2913_ARATH	Y2913_ARATH
PHEX_HUMAN	PHEX_HUMAN
MRC1_HUMAN	MRC1_HUMAN
Q1PEU2_ARATH	Q1PEU2_ARATH
LRK31_ARATH	LRK31_ARATH
T106B_HUMAN	T106B_HUMAN
T106B_HUMAN	T106C_HUMAN
ARAD2_ARATH	ARAD2_ARATH
JAM3_HUMAN	JAM3_HUMAN
Q75JG9_DICDI	Q75JG9_DICDI
FTSN_ECOLI	FTSN_ECOLI
B3GN2_HUMAN	B3GN2_HUMAN
FDFT_YEAST	FDFT_YEAST
CRK23_ARATH	CRK23_ARATH
PTK7_HUMAN	PTK7_HUMAN
Q54K31_DICDI	Q54K31_DICDI
SIM14_HUMAN	SIM14_HUMAN
NECT1_HUMAN	NECT1_HUMAN
LRRN3_HUMAN	LRRN3_HUMAN
SLIK2_HUMAN	SLIK2_HUMAN
ECEL1_HUMAN	ECEL1_HUMAN
LRRT3_HUMAN	LRRT3_HUMAN
Y3804_ARATH	Y3804_ARATH
LRRT2_HUMAN	LRRT2_HUMAN
MINP1_DICDI	MINP1_DICDI
IGFR1_HUMAN	IGFR1_HUMAN
CXL16_HUMAN	CXL16_HUMAN
IGDC3_HUMAN	IGDC3_HUMAN
PXC3_ARATH	PXC3_ARATH
TMPS9_HUMAN	TMPS9_HUMAN
Q67Z55_ARATH	Q67Z55_ARATH
TEN3_HUMAN	TEN3_HUMAN
TEN3_HUMAN	TEN4_HUMAN
TEN3_HUMAN	TEN2_HUMAN
PLSP1_ARATH	PLSP1_ARATH
DDR1_HUMAN	DDR1_HUMAN
PME61_ARATH	PME61_ARATH
SUSD5_HUMAN	SUSD5_HUMAN
Y5994_ARATH	Y5994_ARATH
BTNL8_HUMAN	BTNL8_HUMAN
Q54YC0_DICDI	Q54YC0_DICDI
ACCR1_ARATH	ACCR1_ARATH
TNR5_HUMAN	TNR5_HUMAN
CAD22_HUMAN	CAD22_HUMAN
I12R1_HUMAN	I12R1_HUMAN
EPHB6_HUMAN	EPHB6_HUMAN
LDRA_ECOLI	LDRA_ECOLI
FLAG_METJA	FLAG_METJA
IBSC_ECOLI	IBSC_ECOLI
IBSC_ECOLI	IBSD_ECOLI
IBSC_ECOLI	IBSE_ECOLI
PSII_DICDI	PSII_DICDI
PSII_DICDI	PSIM_DICDI
UBP27_ARATH	UBP27_ARATH
UBP27_ARATH	F4JVD6_ARATH
CNTP2_HUMAN	CNTP2_HUMAN
CNTP2_HUMAN	CNTP4_HUMAN
CNTP2_HUMAN	CNT3B_HUMAN
CNTP2_HUMAN	CNTP3_HUMAN
CNTP2_HUMAN	CNTP5_HUMAN
BACE2_HUMAN	BACE2_HUMAN
OLR1_HUMAN	OLR1_HUMAN
Y5241_ARATH	Y5241_ARATH
MADCA_HUMAN	MADCA_HUMAN
ERN2_HUMAN	ERN2_HUMAN
Y2394_ARATH	Y2394_ARATH
GTSC1_HUMAN	GTSC1_HUMAN
Q54NG5_DICDI	Q54NG5_DICDI
TM11D_HUMAN	TM11D_HUMAN
RPK2_ARATH	RPK2_ARATH
SRF1_ARATH	SRF1_ARATH
ATG39_YEAST	ATG39_YEAST
SUSD4_HUMAN	SUSD4_HUMAN
F4K946_ARATH	F4K946_ARATH
CHST7_HUMAN	CHST7_HUMAN
CSF1_HUMAN	CSF1_HUMAN
CD33_HUMAN	CD33_HUMAN
CD33_HUMAN	SIGL5_HUMAN
CD33_HUMAN	SIGL7_HUMAN
CD33_HUMAN	SIG12_HUMAN
CD33_HUMAN	SIGL8_HUMAN
EXT1_HUMAN	EXT1_HUMAN
B3GTC_ARATH	B3GTC_ARATH
SYT13_HUMAN	SYT13_HUMAN
LRK21_ARATH	LRK21_ARATH
F4IB69_ARATH	F4IB69_ARATH
F4IB69_ARATH	Y5182_ARATH
Q9LYD1_ARATH	Q9LYD1_ARATH
SBIR1_ARATH	SBIR1_ARATH
DAG1_HUMAN	DAG1_HUMAN
RGI4_ARATH	RGI4_ARATH
Q8VY68_ARATH	Q8VY68_ARATH
Y8379_DICDI	Y8379_DICDI
APX5_ARATH	APX5_ARATH
SYT3_ARATH	SYT3_ARATH
SYT3_ARATH	F4IFM7_ARATH
SYT3_ARATH	SYT1_ARATH
IL6RA_HUMAN	IL6RA_HUMAN
GXLT1_HUMAN	GXLT1_HUMAN
CD27_HUMAN	CD27_HUMAN
CR3L3_HUMAN	CR3L3_HUMAN
BCS1_YEAST	BCS1_YEAST
Y5487_ARATH	Y5487_ARATH
LY66F_HUMAN	LY66F_HUMAN
PSIO_DICDI	PSIO_DICDI
CRK26_ARATH	CRK26_ARATH
YHY0_YEAST	YHY0_YEAST
PSIL_DICDI	PSIL_DICDI
PSIL_DICDI	PSIK_DICDI
PSIL_DICDI	PSIP_DICDI
PSIL_DICDI	PSIH_DICDI
PXC2_ARATH	PXC2_ARATH
TNR1B_HUMAN	TNR1B_HUMAN
PTPRA_HUMAN	PTPRA_HUMAN
Y1725_DICDI	Y1725_DICDI
CRUM3_HUMAN	CRUM3_HUMAN
LRN4L_HUMAN	LRN4L_HUMAN
PMTP_ARATH	PMTP_ARATH
MID51_HUMAN	MID51_HUMAN
Y3463_ARATH	Y3463_ARATH
Y3463_ARATH	Q9SNA0_ARATH
MUC21_ARATH	MUC21_ARATH
TAR2_ARATH	TAR2_ARATH
PERK3_ARATH	PERK3_ARATH
PERK3_ARATH	PERK2_ARATH
PERK3_ARATH	PERK1_ARATH
LIRA2_HUMAN	LIRA2_HUMAN
LIRA2_HUMAN	LIRA5_HUMAN
EVI2B_HUMAN	EVI2B_HUMAN
HECA2_HUMAN	HECA2_HUMAN
F4J5Y7_ARATH	F4J5Y7_ARATH
LRL11_ARATH	LRL11_ARATH
KLRB1_HUMAN	KLRB1_HUMAN
RRBP1_HUMAN	RRBP1_HUMAN
Y1523_ARATH	Y1523_ARATH
LRK63_ARATH	LRK63_ARATH
KIT_HUMAN	KIT_HUMAN
CCD47_HUMAN	CCD47_HUMAN
FCG2B_HUMAN	FCG2B_HUMAN
FCG2B_HUMAN	FCG2A_HUMAN
FCG2B_HUMAN	FCG2C_HUMAN
PDCD1_HUMAN	PDCD1_HUMAN
DGKE_HUMAN	DGKE_HUMAN
B3GTJ_ARATH	B3GTJ_ARATH
CHST6_HUMAN	CHST6_HUMAN
GMT1_ARATH	GMT1_ARATH
APCD1_HUMAN	APCD1_HUMAN
B2CL2_HUMAN	B2CL2_HUMAN
MZRA_ECOLI	MZRA_ECOLI
NIK1_ARATH	NIK1_ARATH
NIK1_ARATH	NIK2_ARATH
NIK1_ARATH	NIK3_ARATH
CRK2_ARATH	CRK2_ARATH
ATG27_YEAST	ATG27_YEAST
YHDU_ECOLI	YHDU_ECOLI
TM59L_HUMAN	TM59L_HUMAN
CRK43_ARATH	CRK43_ARATH
FUT7_HUMAN	FUT7_HUMAN
SOL1_ARATH	SOL1_ARATH
SOL1_ARATH	F4IA17_ARATH
WSC3_YEAST	WSC3_YEAST
I10R2_HUMAN	I10R2_HUMAN
LRFN4_HUMAN	LRFN4_HUMAN
ATRN_HUMAN	ATRN_HUMAN
ATRN_HUMAN	ATRN1_HUMAN
Y5349_ARATH	Y5349_ARATH
ESYT3_HUMAN	ESYT3_HUMAN
CRK21_ARATH	CRK21_ARATH
Y1465_ARATH	Y1465_ARATH
LRK64_ARATH	LRK64_ARATH
Q54VS9_DICDI	Q54VS9_DICDI
Q54VS9_DICDI	Q54VT3_DICDI
YD211_YEAST	YD211_YEAST
ICOS_HUMAN	ICOS_HUMAN
TMKL1_ARATH	TMKL1_ARATH
PCD20_HUMAN	PCD20_HUMAN
IL23R_HUMAN	IL23R_HUMAN
TLR4_HUMAN	TLR4_HUMAN
RMD3_HUMAN	RMD3_HUMAN
TDR_ARATH	TDR_ARATH
Y1684_ARATH	Y1684_ARATH
ITM2B_HUMAN	ITM2B_HUMAN
PCDH1_HUMAN	PCDH1_HUMAN
RLP9A_ARATH	RLP9A_ARATH
Q9C9Z6_ARATH	Q9C9Z6_ARATH
LMTK1_HUMAN	LMTK1_HUMAN
PORIM_HUMAN	PORIM_HUMAN
CD244_HUMAN	CD244_HUMAN
PMTC_ARATH	PMTC_ARATH
PMTC_ARATH	PMTB_ARATH
PMRR_ECOLI	PMRR_ECOLI
PLXC1_HUMAN	PLXC1_HUMAN
ATL79_ARATH	ATL79_ARATH
BTNLA_HUMAN	BTNLA_HUMAN
ESAM_HUMAN	ESAM_HUMAN
F4HXZ8_ARATH	F4HXZ8_ARATH
B3GA3_HUMAN	B3GA3_HUMAN
Y3565_ARATH	Y3565_ARATH
Y3565_ARATH	Y2027_ARATH
I17RC_HUMAN	I17RC_HUMAN
CD276_HUMAN	CD276_HUMAN
PXDC2_HUMAN	PXDC2_HUMAN
OFT38_ARATH	OFT38_ARATH
UNC5C_HUMAN	UNC5C_HUMAN
Q9MAA6_ARATH	Q9MAA6_ARATH
IBSA_ECOLI	IBSA_ECOLI
O04542_ARATH	O04542_ARATH
RLP43_ARATH	RLP43_ARATH
RLP43_ARATH	RLP47_ARATH
RLP43_ARATH	RLP32_ARATH
RLP43_ARATH	RLP35_ARATH
RLP43_ARATH	RLP33_ARATH
RLP43_ARATH	RLP19_ARATH
RLP43_ARATH	RLP6_ARATH
RLP43_ARATH	RLP53_ARATH
RLP43_ARATH	RLP37_ARATH
RLP43_ARATH	RLP12_ARATH
RLP43_ARATH	RLP31_ARATH
RLP43_ARATH	RLP36_ARATH
RLP43_ARATH	RLP11_ARATH
RLP43_ARATH	RLP38_ARATH
RLP43_ARATH	RLP30_ARATH
PGFRA_HUMAN	PGFRA_HUMAN
MBHT_ECOLI	MBHT_ECOLI
FCRL6_HUMAN	FCRL6_HUMAN
LY75_HUMAN	LY75_HUMAN
CAH12_HUMAN	CAH12_HUMAN
TBR_ARATH	TBR_ARATH
EMD_HUMAN	EMD_HUMAN
GLIP1_HUMAN	GLIP1_HUMAN
SRAC1_HUMAN	SRAC1_HUMAN
GCNT1_HUMAN	GCNT1_HUMAN
SYT2_ARATH	SYT2_ARATH
TEFF2_HUMAN	TEFF2_HUMAN
Q7KWR0_DICDI	Q7KWR0_DICDI
Q55E84_DICDI	Q55E84_DICDI
EDAR_HUMAN	EDAR_HUMAN
F4IWV6_ARATH	F4IWV6_ARATH
Q9FLA7_ARATH	Q9FLA7_ARATH
DSG2_HUMAN	DSG2_HUMAN
CGR2_ARATH	CGR2_ARATH
SEM6A_HUMAN	SEM6A_HUMAN
BET1L_HUMAN	BET1L_HUMAN
SLIK1_HUMAN	SLIK1_HUMAN
F4IB76_ARATH	F4IB76_ARATH
PMTA_ARATH	PMTA_ARATH
CUZD1_HUMAN	CUZD1_HUMAN
PCDB5_HUMAN	PCDB5_HUMAN
PCDB5_HUMAN	PCDB8_HUMAN
PCDB5_HUMAN	PCDBF_HUMAN
PCDB5_HUMAN	PCDB3_HUMAN
PCDB5_HUMAN	PCDB6_HUMAN
PCDB5_HUMAN	PCDBA_HUMAN
PCDB5_HUMAN	PCDB4_HUMAN
PCDB5_HUMAN	PCDBC_HUMAN
PCDB5_HUMAN	PCDB9_HUMAN
PCDB5_HUMAN	PCDB2_HUMAN
PCDB5_HUMAN	PCDBG_HUMAN
PCDB5_HUMAN	PCDBE_HUMAN
PCDB5_HUMAN	PCDBB_HUMAN
PCDB5_HUMAN	PCDB7_HUMAN
ERG29_YEAST	ERG29_YEAST
RN152_HUMAN	RN152_HUMAN
PME13_ARATH	PME13_ARATH
PME13_ARATH	PME45_ARATH
GLYT1_ARATH	GLYT1_ARATH
PCD19_HUMAN	PCD19_HUMAN
MIRO3_ARATH	MIRO3_ARATH
ENPP4_HUMAN	ENPP4_HUMAN
SIA7B_HUMAN	SIA7B_HUMAN
Y5344_ARATH	Y5344_ARATH
CP054_HUMAN	CP054_HUMAN
CRLK2_ARATH	CRLK2_ARATH
BST2_HUMAN	BST2_HUMAN
WSC2_YEAST	WSC2_YEAST
NRP1_HUMAN	NRP1_HUMAN
NRP1_HUMAN	NRP2_HUMAN
CYDX_ECOLI	CYDX_ECOLI
MPZL3_HUMAN	MPZL3_HUMAN
VSI10_HUMAN	VSI10_HUMAN
CAD20_HUMAN	CAD20_HUMAN
B4GT7_HUMAN	B4GT7_HUMAN
LEPR_HUMAN	LEPR_HUMAN
RMR6_ARATH	RMR6_ARATH
RMR6_ARATH	RMR4_ARATH
RMR6_ARATH	RMR5_ARATH
RMR6_ARATH	RMR2_ARATH
Q55CD8_DICDI	Q55CD8_DICDI
PDXL2_HUMAN	PDXL2_HUMAN
STYK1_HUMAN	STYK1_HUMAN
F210A_HUMAN	F210A_HUMAN
FAXC_HUMAN	FAXC_HUMAN
CGRF1_HUMAN	CGRF1_HUMAN
PTPRO_HUMAN	PTPRO_HUMAN
TNR21_HUMAN	TNR21_HUMAN
Q9LPU1_ARATH	Q9LPU1_ARATH
L1CAM_HUMAN	L1CAM_HUMAN
L1CAM_HUMAN	NCHL1_HUMAN
L1CAM_HUMAN	NFASC_HUMAN
SIGL6_HUMAN	SIGL6_HUMAN
CMFB_DICDI	CMFB_DICDI
OPY2_YEAST	OPY2_YEAST
KIRR2_HUMAN	KIRR2_HUMAN
GOGA5_HUMAN	GOGA5_HUMAN
SLAF6_HUMAN	SLAF6_HUMAN
RLP56_ARATH	RLP56_ARATH
RLP56_ARATH	RLP14_ARATH
ASTRC_HUMAN	ASTRC_HUMAN
Y5389_ARATH	Y5389_ARATH
ACE2_HUMAN	ACE2_HUMAN
ERBB3_HUMAN	ERBB3_HUMAN
STBD1_HUMAN	STBD1_HUMAN
DGCI_ECOLI	DGCI_ECOLI
Q9FXA6_ARATH	Q9FXA6_ARATH
HTRA2_HUMAN	HTRA2_HUMAN
ATF6A_HUMAN	ATF6A_HUMAN
I13R2_HUMAN	I13R2_HUMAN
NOTC1_HUMAN	NOTC1_HUMAN
CS018_HUMAN	CS018_HUMAN
HXK3_ARATH	HXK3_ARATH
TACD2_HUMAN	TACD2_HUMAN
FCRL3_HUMAN	FCRL3_HUMAN
C163B_HUMAN	C163B_HUMAN
Y1923_DICDI	Y1923_DICDI
PERK8_ARATH	PERK8_ARATH
NECT2_HUMAN	NECT2_HUMAN
FIS1B_ARATH	FIS1B_ARATH
CLC4M_HUMAN	CLC4M_HUMAN
F4JWD4_ARATH	F4JWD4_ARATH
CAD23_HUMAN	CAD23_HUMAN
MPZL1_HUMAN	MPZL1_HUMAN
PCSK7_HUMAN	PCSK7_HUMAN
Y3471_ARATH	Y3471_ARATH
Y2239_ARATH	Y2239_ARATH
Y2239_ARATH	Y4052_ARATH
MPS3_YEAST	MPS3_YEAST
ACKMT_HUMAN	ACKMT_HUMAN
NRX1A_HUMAN	NRX1A_HUMAN
NRX1A_HUMAN	NRX1B_HUMAN
NRX1A_HUMAN	NRX3A_HUMAN
NRX1A_HUMAN	NRX2A_HUMAN
NRX1A_HUMAN	NRX2B_HUMAN
NRX1A_HUMAN	NRX3B_HUMAN
NAG1_YEAST	NAG1_YEAST
MGAT1_HUMAN	MGAT1_HUMAN
HFLC_ECOLI	HFLC_ECOLI
IL7RA_HUMAN	IL7RA_HUMAN
KLRF2_HUMAN	KLRF2_HUMAN
HKR1_YEAST	HKR1_YEAST
SYP81_ARATH	SYP81_ARATH
CSF3R_HUMAN	CSF3R_HUMAN
FRAS1_HUMAN	FRAS1_HUMAN
MYOB3_ARATH	MYOB3_ARATH
MYOB3_ARATH	MYOB2_ARATH
MYOB3_ARATH	MYOB1_ARATH
YB09A_YEAST	YB09A_YEAST
EVI2A_HUMAN	EVI2A_HUMAN
GIMA1_HUMAN	GIMA1_HUMAN
PBPA_ECOLI	PBPA_ECOLI
PERT_HUMAN	PERT_HUMAN
F4JA39_ARATH	F4JA39_ARATH
SCPL2_DICDI	SCPL2_DICDI
Q550A1_DICDI	Q550A1_DICDI
PTXB_ECOLI	PTXB_ECOLI
THSD1_HUMAN	THSD1_HUMAN
SCO1_HUMAN	SCO1_HUMAN
Q54P41_DICDI	Q54P41_DICDI
CL12A_HUMAN	CL12A_HUMAN
LRC52_HUMAN	LRC52_HUMAN
F4INW4_ARATH	F4INW4_ARATH
F4INW4_ARATH	F4IDR5_ARATH
LAMP3_HUMAN	LAMP3_HUMAN
FND3B_HUMAN	FND3B_HUMAN
FND3B_HUMAN	FND3A_HUMAN
PREB_HUMAN	PREB_HUMAN
PHF1_ARATH	PHF1_ARATH
SPT23_YEAST	SPT23_YEAST
SPT23_YEAST	MGA2_YEAST
O65389_ARATH	O65389_ARATH
YOAI_ECOLI	YOAI_ECOLI
F4JHZ4_ARATH	F4JHZ4_ARATH
CSPG5_HUMAN	CSPG5_HUMAN
IX10L_ARATH	IX10L_ARATH
IL1AP_HUMAN	IL1AP_HUMAN
Q9LXS2_ARATH	Q9LXS2_ARATH
YKGR_ECOLI	YKGR_ECOLI
ENPP5_HUMAN	ENPP5_HUMAN
A8MQL2_ARATH	A8MQL2_ARATH
ACCR3_ARATH	ACCR3_ARATH
CLMP_HUMAN	CLMP_HUMAN
LYK4_ARATH	LYK4_ARATH
ILRL2_HUMAN	ILRL2_HUMAN
QPCTL_HUMAN	QPCTL_HUMAN
KCT2_HUMAN	KCT2_HUMAN
FGFR3_HUMAN	FGFR3_HUMAN
SYT7_HUMAN	SYT7_HUMAN
Q54VN3_DICDI	Q54VN3_DICDI
MPRD_HUMAN	MPRD_HUMAN
Q8RXI0_ARATH	Q8RXI0_ARATH
Q8RXI0_ARATH	Q9ZPW5_ARATH
ASD_ARATH	ASD_ARATH
TNR19_HUMAN	TNR19_HUMAN
FXYD3_HUMAN	FXYD3_HUMAN
FXYD3_HUMAN	FXYD4_HUMAN
FXYD3_HUMAN	PLM_HUMAN
RLP57_ARATH	RLP57_ARATH
RLP57_ARATH	RLP44_ARATH
GFRAL_HUMAN	GFRAL_HUMAN
CADH7_HUMAN	CADH7_HUMAN
CADH7_HUMAN	CAD11_HUMAN
CADH7_HUMAN	CADH9_HUMAN
CADH7_HUMAN	CADH6_HUMAN
CADH7_HUMAN	CAD12_HUMAN
CADH7_HUMAN	CADH2_HUMAN
CADH7_HUMAN	CADH8_HUMAN
CADH7_HUMAN	CAD18_HUMAN
CADH7_HUMAN	CAD10_HUMAN
CADH7_HUMAN	CAD24_HUMAN
IGSF6_HUMAN	IGSF6_HUMAN
FERON_ARATH	FERON_ARATH
EFNB3_HUMAN	EFNB3_HUMAN
RN217_HUMAN	RN217_HUMAN
CD28_HUMAN	CD28_HUMAN
Y2393_ARATH	Y2393_ARATH
IRE1_YEAST	IRE1_YEAST
CRK1_ARATH	CRK1_ARATH
PXC1_ARATH	PXC1_ARATH
Y1743_ARATH	Y1743_ARATH
SRF2_ARATH	SRF2_ARATH
LRK59_ARATH	LRK59_ARATH
Q4V3A2_ARATH	Q4V3A2_ARATH
SMIM9_HUMAN	SMIM9_HUMAN
CEBOS_HUMAN	CEBOS_HUMAN
F4K4L3_ARATH	F4K4L3_ARATH
SEM4C_HUMAN	SEM4C_HUMAN
WIP1_ARATH	WIP1_ARATH
PD1L1_HUMAN	PD1L1_HUMAN
GALT9_HUMAN	GALT9_HUMAN
ATL28_ARATH	ATL28_ARATH
RN128_HUMAN	RN128_HUMAN
PTPRU_HUMAN	PTPRU_HUMAN
TMK2_ARATH	TMK2_ARATH
TMK2_ARATH	HERK_ARATH
TMK2_ARATH	CXAR_HUMAN
CREB3_HUMAN	CREB3_HUMAN
B3GTE_ARATH	B3GTE_ARATH
RON_HUMAN	RON_HUMAN
CTGE2_HUMAN	CTGE2_HUMAN
Q54MB3_DICDI	Q54MB3_DICDI
ACCR4_ARATH	ACCR4_ARATH
PIGR_HUMAN	PIGR_HUMAN
JAM2_HUMAN	JAM2_HUMAN
C7FZW4_DICDI	C7FZW4_DICDI
TRAT1_HUMAN	TRAT1_HUMAN
Y1472_METJA	Y1472_METJA
C705C_ARATH	C705C_ARATH
ATL37_ARATH	ATL37_ARATH
MANE_DICDI	MANE_DICDI
EFNB2_HUMAN	EFNB2_HUMAN
GLYT6_ARATH	GLYT6_ARATH
NC301_HUMAN	NC301_HUMAN
IRPL1_HUMAN	IRPL1_HUMAN
Y5020_ARATH	Y5020_ARATH
KIRR3_HUMAN	KIRR3_HUMAN
Q945M3_ARATH	Q945M3_ARATH
MGAL_HUMAN	MGAL_HUMAN
Y5410_ARATH	Y5410_ARATH
BZP17_ARATH	BZP17_ARATH
BZP17_ARATH	BZP28_ARATH
COMC_DICDI	COMC_DICDI
EMP24_YEAST	EMP24_YEAST
EMP24_YEAST	TMED4_HUMAN
EMP24_YEAST	TMED9_HUMAN
EMP24_YEAST	TMEDA_DICDI
EMP24_YEAST	Q769F7_DICDI
EMP24_YEAST	TMEDB_DICDI
EMP24_YEAST	ERP1_YEAST
EMP24_YEAST	TMEDA_HUMAN
EMP24_YEAST	P24D4_ARATH
EMP24_YEAST	P24D5_ARATH
EMP24_YEAST	P24D3_ARATH
CEAM1_HUMAN	CEAM1_HUMAN
MDAR2_ARATH	MDAR2_ARATH
TM11A_HUMAN	TM11A_HUMAN
B3GN4_HUMAN	B3GN4_HUMAN
PSBN_ARATH	PSBN_ARATH
B3H4D5_ARATH	B3H4D5_ARATH
CC14C_HUMAN	CC14C_HUMAN
NAPC_ECOLI	NAPC_ECOLI
PERK9_ARATH	PERK9_ARATH
TGRC1_DICDI	TGRC1_DICDI
FCRL4_HUMAN	FCRL4_HUMAN
CERK1_ARATH	CERK1_ARATH
LRC38_HUMAN	LRC38_HUMAN
FEI2_ARATH	FEI2_ARATH
LRK13_ARATH	LRK13_ARATH
LRK13_ARATH	LRK12_ARATH
B4GT4_HUMAN	B4GT4_HUMAN
O82294_ARATH	O82294_ARATH
PPA9_ARATH	PPA9_ARATH
ASPH_HUMAN	ASPH_HUMAN
SIG14_HUMAN	SIG14_HUMAN
Q54MI5_DICDI	Q54MI5_DICDI
PPID_ECOLI	PPID_ECOLI
SRTM1_HUMAN	SRTM1_HUMAN
SDC4_HUMAN	SDC4_HUMAN
SDC4_HUMAN	SDC2_HUMAN
SDC4_HUMAN	SDC3_HUMAN
Y1677_ARATH	Y1677_ARATH
CD8A_HUMAN	CD8A_HUMAN
HPCA1_ARATH	HPCA1_ARATH
HPCA1_ARATH	F4K685_ARATH
HPCA1_ARATH	Y5977_ARATH
F4K1J1_ARATH	F4K1J1_ARATH
C71AI_ARATH	C71AI_ARATH
LMAN2_HUMAN	LMAN2_HUMAN
Y1343_ARATH	Y1343_ARATH
Y5129_ARATH	Y5129_ARATH
Y5129_ARATH	Y5524_ARATH
ANPRA_HUMAN	ANPRA_HUMAN
PCDC1_HUMAN	PCDC1_HUMAN
CHC10_HUMAN	CHC10_HUMAN
EPHA2_HUMAN	EPHA2_HUMAN
Q54U95_DICDI	Q54U95_DICDI
Q8GYI6_ARATH	Q8GYI6_ARATH
CDON_HUMAN	CDON_HUMAN
CDON_HUMAN	BOC_HUMAN
LRFN1_HUMAN	LRFN1_HUMAN
LRFN1_HUMAN	LRFN3_HUMAN
LRFN1_HUMAN	LRFN5_HUMAN
DSCAM_HUMAN	DSCAM_HUMAN
SYT4_HUMAN	SYT4_HUMAN
TBL23_ARATH	TBL23_ARATH
CRK40_ARATH	CRK40_ARATH
CRK40_ARATH	CRK39_ARATH
B0G182_DICDI	B0G182_DICDI
ENK7_HUMAN	ENK7_HUMAN
Q55CZ7_DICDI	Q55CZ7_DICDI
Y1649_ARATH	Y1649_ARATH
Y1649_ARATH	Y1155_ARATH
Y1649_ARATH	F4HVB3_ARATH
Y1649_ARATH	Y1146_ARATH
Y1649_ARATH	Y1148_ARATH
Y1649_ARATH	Y1144_ARATH
Y1649_ARATH	Y1150_ARATH
RLK1_ARATH	RLK1_ARATH
CADH4_HUMAN	CADH4_HUMAN
Q54CK5_DICDI	Q54CK5_DICDI
Q54CK5_DICDI	Q55AN5_DICDI
Q54CK5_DICDI	Q551U9_DICDI
ITA4_HUMAN	ITA4_HUMAN
PLXB3_HUMAN	PLXB3_HUMAN
FATE1_HUMAN	FATE1_HUMAN
MEG10_HUMAN	MEG10_HUMAN
GALT2_HUMAN	GALT2_HUMAN
COX5B_YEAST	COX5B_YEAST
QSOX2_HUMAN	QSOX2_HUMAN
PTPRQ_HUMAN	PTPRQ_HUMAN
STAB2_HUMAN	STAB2_HUMAN
Q9LFC7_ARATH	Q9LFC7_ARATH
Q9LFC7_ARATH	Q3EBA4_ARATH
Q9LFC7_ARATH	F4IZV1_ARATH
VAP11_ARATH	VAP11_ARATH
VAP11_ARATH	VAP12_ARATH
AMPE_HUMAN	AMPE_HUMAN
SRPB_YEAST	SRPB_YEAST
SIBB_DICDI	SIBB_DICDI
SIBB_DICDI	SIBC_DICDI
SIBB_DICDI	SIBA_DICDI
OFT30_ARATH	OFT30_ARATH
GBGT1_HUMAN	GBGT1_HUMAN
FUS1_YEAST	FUS1_YEAST
GSPH_ECOLI	GSPH_ECOLI
CD69_HUMAN	CD69_HUMAN
F4I3K0_ARATH	F4I3K0_ARATH
F4I3K0_ARATH	Y1561_ARATH
F4I3K0_ARATH	Y5614_ARATH
MREC_ECOLI	MREC_ECOLI
TRE2_YEAST	TRE2_YEAST
Q9FXJ4_ARATH	Q9FXJ4_ARATH
OX2G_HUMAN	OX2G_HUMAN
ERP6_YEAST	ERP6_YEAST
SD25_ARATH	SD25_ARATH
Y5181_ARATH	Y5181_ARATH
PCDGJ_HUMAN	PCDGJ_HUMAN
PCDGJ_HUMAN	PCDGE_HUMAN
PCDGJ_HUMAN	PCDGG_HUMAN
KLRF1_HUMAN	KLRF1_HUMAN
LMTK2_HUMAN	LMTK2_HUMAN
SUSD2_HUMAN	SUSD2_HUMAN
TM219_HUMAN	TM219_HUMAN
LRK58_ARATH	LRK58_ARATH
LRK58_ARATH	LRK57_ARATH
LRK58_ARATH	LRK56_ARATH
LRK58_ARATH	LRK55_ARATH
RKF3_ARATH	RKF3_ARATH
Y1283_METJA	Y1283_METJA
VGFR2_HUMAN	VGFR2_HUMAN
B3GA1_HUMAN	B3GA1_HUMAN
CD79B_HUMAN	CD79B_HUMAN
RRA1_ARATH	RRA1_ARATH
Q0WQL0_ARATH	Q0WQL0_ARATH
GUN25_ARATH	GUN25_ARATH
Y2242_ARATH	Y2242_ARATH
MEP1A_HUMAN	MEP1A_HUMAN
Y8739_DICDI	Y8739_DICDI
Y1421_ARATH	Y1421_ARATH
C89A2_ARATH	C89A2_ARATH
LRCH1_HUMAN	LRCH1_HUMAN
FXYD7_HUMAN	FXYD7_HUMAN
CE060_HUMAN	CE060_HUMAN
LIGO3_HUMAN	LIGO3_HUMAN
LIGO3_HUMAN	LIGO1_HUMAN
LIGO3_HUMAN	LIGO2_HUMAN
LRAD4_HUMAN	LRAD4_HUMAN
FUT10_HUMAN	FUT10_HUMAN
Q54Y64_DICDI	Q54Y64_DICDI
SMAGP_HUMAN	SMAGP_HUMAN
B4GT1_HUMAN	B4GT1_HUMAN
LAIR1_HUMAN	LAIR1_HUMAN
GT14B_ARATH	GT14B_ARATH
FCGR1_HUMAN	FCGR1_HUMAN
FCGR1_HUMAN	FCGRB_HUMAN
B3GTH_ARATH	B3GTH_ARATH
GSPM_ECOLI	GSPM_ECOLI
ACBP1_ARATH	ACBP1_ARATH
AJAP1_HUMAN	AJAP1_HUMAN
B2CL1_HUMAN	B2CL1_HUMAN
PCD12_HUMAN	PCD12_HUMAN
TNR16_HUMAN	TNR16_HUMAN
VCAM1_HUMAN	VCAM1_HUMAN
HAVR2_HUMAN	HAVR2_HUMAN
PPR29_HUMAN	PPR29_HUMAN
PPR29_HUMAN	ELFN1_HUMAN
DIK1B_HUMAN	DIK1B_HUMAN
YDHJ_ECOLI	YDHJ_ECOLI
B120_ARATH	B120_ARATH
F4IWK4_ARATH	F4IWK4_ARATH
SLIK4_HUMAN	SLIK4_HUMAN
B4GT2_HUMAN	B4GT2_HUMAN
GNT12_DICDI	GNT12_DICDI
VSIG1_HUMAN	VSIG1_HUMAN
DLL4_HUMAN	DLL4_HUMAN
ICAM2_HUMAN	ICAM2_HUMAN
MDIS1_ARATH	MDIS1_ARATH
MDIS1_ARATH	MDIS2_ARATH
BACE1_HUMAN	BACE1_HUMAN
MICU2_HUMAN	MICU2_HUMAN
TNR11_HUMAN	TNR11_HUMAN
F4IAS2_ARATH	F4IAS2_ARATH
F4IAS2_ARATH	Q94F37_ARATH
Q9MA24_ARATH	Q9MA24_ARATH
DPB1_HUMAN	DPB1_HUMAN
DPB1_HUMAN	DRB4_HUMAN
DPB1_HUMAN	DQB2_HUMAN
DPB1_HUMAN	DRB5_HUMAN
DPB1_HUMAN	DQB1_HUMAN
DPB1_HUMAN	DRB3_HUMAN
DPB1_HUMAN	DRB1_HUMAN
PSBF_ARATH	PSBF_ARATH
ZP3_HUMAN	ZP3_HUMAN
GLT17_HUMAN	GLT17_HUMAN
Q0WLX9_ARATH	Q0WLX9_ARATH
PMTI_ARATH	PMTI_ARATH
SYT15_HUMAN	SYT15_HUMAN
PDAT_YEAST	PDAT_YEAST
QSOX1_ARATH	QSOX1_ARATH
EPCR_HUMAN	EPCR_HUMAN
RN122_HUMAN	RN122_HUMAN
WAKLO_ARATH	WAKLO_ARATH
O80941_ARATH	O80941_ARATH
PSIN_DICDI	PSIN_DICDI
MUC3B_HUMAN	MUC3B_HUMAN
MUC3B_HUMAN	MUC3A_HUMAN
ERN1_HUMAN	ERN1_HUMAN
PTPR2_HUMAN	PTPR2_HUMAN
Y1756_ARATH	Y1756_ARATH
SYP52_ARATH	SYP52_ARATH
GDAP1_HUMAN	GDAP1_HUMAN
MGR3L_YEAST	MGR3L_YEAST
OM45_YEAST	OM45_YEAST
PXL1_ARATH	PXL1_ARATH
ERG2_YEAST	ERG2_YEAST
Q9SD64_ARATH	Q9SD64_ARATH
Q9SD64_ARATH	Y3475_ARATH
Q9SD64_ARATH	EFR_ARATH
TFR2_HUMAN	TFR2_HUMAN
ZP1_HUMAN	ZP1_HUMAN
ENPP1_HUMAN	ENPP1_HUMAN
MUC12_HUMAN	MUC12_HUMAN
Y270_METJA	Y270_METJA
RLP46_ARATH	RLP46_ARATH
EPHA6_HUMAN	EPHA6_HUMAN
HFE_HUMAN	HFE_HUMAN
CC50C_HUMAN	CC50C_HUMAN
SCO2_HUMAN	SCO2_HUMAN
TMM59_HUMAN	TMM59_HUMAN
NRG1_HUMAN	NRG1_HUMAN
NRG1_HUMAN	NRG2_HUMAN
GCNT3_HUMAN	GCNT3_HUMAN
IL2RA_HUMAN	IL2RA_HUMAN
CLC9A_HUMAN	CLC9A_HUMAN
PCD16_HUMAN	PCD16_HUMAN
FKTN_HUMAN	FKTN_HUMAN
GLPE_HUMAN	GLPE_HUMAN
ADA11_HUMAN	ADA11_HUMAN
ADA11_HUMAN	ADA22_HUMAN
CRTAM_HUMAN	CRTAM_HUMAN
Q9SUR5_ARATH	Q9SUR5_ARATH
O64824_ARATH	O64824_ARATH
FKRP_HUMAN	FKRP_HUMAN
YM122_YEAST	YM122_YEAST
LRC33_HUMAN	LRC33_HUMAN
KISHB_HUMAN	KISHB_HUMAN
LRC3B_HUMAN	LRC3B_HUMAN
LRC3B_HUMAN	LRR3C_HUMAN
SUSD1_HUMAN	SUSD1_HUMAN
TMED6_HUMAN	TMED6_HUMAN
Q9M3D9_ARATH	Q9M3D9_ARATH
PLB1_HUMAN	PLB1_HUMAN
Q9M292_ARATH	Q9M292_ARATH
C7A11_ARATH	C7A11_ARATH
ENTK_HUMAN	ENTK_HUMAN
Y4391_ARATH	Y4391_ARATH
Y4391_ARATH	Y2214_ARATH
B3GN3_HUMAN	B3GN3_HUMAN
Y9218_DICDI	Y9218_DICDI
CHODL_HUMAN	CHODL_HUMAN
HACL2_HUMAN	HACL2_HUMAN
Y163_METJA	Y163_METJA
PLXB1_HUMAN	PLXB1_HUMAN
BRL2_ARATH	BRL2_ARATH
Q550E1_DICDI	Q550E1_DICDI
Q550E1_DICDI	Q86AS3_DICDI
Q550E1_DICDI	Q86KF0_DICDI
Q550E1_DICDI	Q54C09_DICDI
CADM4_HUMAN	CADM4_HUMAN
Q54ZG5_DICDI	Q54ZG5_DICDI
PCDG4_HUMAN	PCDG4_HUMAN
PCDG4_HUMAN	PCDGB_HUMAN
PCDG4_HUMAN	PCDG6_HUMAN
PCDG4_HUMAN	PCDG9_HUMAN
PCDG4_HUMAN	PCDG1_HUMAN
PCDG4_HUMAN	PCDG2_HUMAN
PCDG4_HUMAN	PCDG8_HUMAN
PCDG4_HUMAN	PCDG7_HUMAN
PCDG4_HUMAN	PCDG5_HUMAN
PCDG4_HUMAN	PCDG3_HUMAN
MERTK_HUMAN	MERTK_HUMAN
LRP6_HUMAN	LRP6_HUMAN
SUCO_HUMAN	SUCO_HUMAN
BT2A2_HUMAN	BT2A2_HUMAN
GOS12_ARATH	GOS12_ARATH
MYP0_HUMAN	MYP0_HUMAN
CNTP1_HUMAN	CNTP1_HUMAN
Q869T4_DICDI	Q869T4_DICDI
Q869T4_DICDI	Q869T3_DICDI
Q869T4_DICDI	Q54BE6_DICDI
PCDH7_HUMAN	PCDH7_HUMAN
Q9SZV2_ARATH	Q9SZV2_ARATH
SED5_YEAST	SED5_YEAST
PEK10_ARATH	PEK10_ARATH
CH049_HUMAN	CH049_HUMAN
ICOSL_HUMAN	ICOSL_HUMAN
GALT1_HUMAN	GALT1_HUMAN
GALT1_HUMAN	GLT13_HUMAN
Q6NLV9_ARATH	Q6NLV9_ARATH
Q86HI2_DICDI	Q86HI2_DICDI
MET_HUMAN	MET_HUMAN
SRF4_ARATH	SRF4_ARATH
MUC22_HUMAN	MUC22_HUMAN
MUC22_HUMAN	MUC21_HUMAN
SMT2_ARATH	SMT2_ARATH
PERK6_ARATH	PERK6_ARATH
NDST2_HUMAN	NDST2_HUMAN
Q54LK6_DICDI	Q54LK6_DICDI
LRL25_ARATH	LRL25_ARATH
Y4230_ARATH	Y4230_ARATH
CLC4C_HUMAN	CLC4C_HUMAN
ZNRF3_HUMAN	ZNRF3_HUMAN
Y3148_ARATH	Y3148_ARATH
F4JI10_ARATH	F4JI10_ARATH
F4JI10_ARATH	Y1154_ARATH
F4JI10_ARATH	O22764_ARATH
LRP2_HUMAN	LRP2_HUMAN
PLPL7_HUMAN	PLPL7_HUMAN
GUX5_ARATH	GUX5_ARATH
B6IDH2_ARATH	B6IDH2_ARATH
CNPD1_HUMAN	CNPD1_HUMAN
TLR8_HUMAN	TLR8_HUMAN
Q54JM4_DICDI	Q54JM4_DICDI
PAS1_ARATH	PAS1_ARATH
FUT13_ARATH	FUT13_ARATH
RN150_HUMAN	RN150_HUMAN
RN150_HUMAN	RN149_HUMAN
RN150_HUMAN	GOLI_HUMAN
PXYP1_HUMAN	PXYP1_HUMAN
CD44_HUMAN	CD44_HUMAN
IOS1_ARATH	IOS1_ARATH
C1GLT_HUMAN	C1GLT_HUMAN
ARL10_HUMAN	ARL10_HUMAN
PLAT2_HUMAN	PLAT2_HUMAN
MYORG_HUMAN	MYORG_HUMAN
CD8B_HUMAN	CD8B_HUMAN
CD8B_HUMAN	CD8B2_HUMAN
LRK14_ARATH	LRK14_ARATH
SPCS3_HUMAN	SPCS3_HUMAN
MPZL2_HUMAN	MPZL2_HUMAN
UFO_HUMAN	UFO_HUMAN
C78A9_ARATH	C78A9_ARATH
CEND_HUMAN	CEND_HUMAN
ITB7_HUMAN	ITB7_HUMAN
ERL2_ARATH	ERL2_ARATH
CLC7A_HUMAN	CLC7A_HUMAN
GL8D1_HUMAN	GL8D1_HUMAN
FH2_ARATH	FH2_ARATH
DDR2_HUMAN	DDR2_HUMAN
LRP5_HUMAN	LRP5_HUMAN
Q557J4_DICDI	Q557J4_DICDI
CD320_HUMAN	CD320_HUMAN
CD3Z_HUMAN	CD3Z_HUMAN
CD3Z_HUMAN	FCERG_HUMAN
CLC4E_HUMAN	CLC4E_HUMAN
LCL3_YEAST	LCL3_YEAST
Q54BY9_DICDI	Q54BY9_DICDI
CADH3_HUMAN	CADH3_HUMAN
MA2A2_HUMAN	MA2A2_HUMAN
MA2A2_HUMAN	MA2A1_HUMAN
DQA1_HUMAN	DQA1_HUMAN
DQA1_HUMAN	DQA2_HUMAN
DQA1_HUMAN	DOA_HUMAN
DQA1_HUMAN	DPA1_HUMAN
HECAM_HUMAN	HECAM_HUMAN
NALD2_HUMAN	NALD2_HUMAN
Q9FRI1_ARATH	Q9FRI1_ARATH
WAKLL_ARATH	WAKLL_ARATH
WAKLL_ARATH	WAKLM_ARATH
WAKLL_ARATH	WAKLN_ARATH
WAKLL_ARATH	WAKLK_ARATH
TM11B_HUMAN	TM11B_HUMAN
Q55CJ5_DICDI	Q55CJ5_DICDI
Q55CJ5_DICDI	Q55CD0_DICDI
Q55CJ5_DICDI	Q54ZK3_DICDI
SEM4D_HUMAN	SEM4D_HUMAN
MUC15_HUMAN	MUC15_HUMAN
IZUM1_HUMAN	IZUM1_HUMAN
CADH5_HUMAN	CADH5_HUMAN
CEA21_HUMAN	CEA21_HUMAN
ARMX3_HUMAN	ARMX3_HUMAN
ARMX3_HUMAN	ARM10_HUMAN
ARMX3_HUMAN	ARMX2_HUMAN
ARMX3_HUMAN	ARMX6_HUMAN
ARMX3_HUMAN	ARMX1_HUMAN
IRC23_YEAST	IRC23_YEAST
TBL43_ARATH	TBL43_ARATH
JAG2_HUMAN	JAG2_HUMAN
ERL1_ARATH	ERL1_ARATH
GGTA1_HUMAN	GGTA1_HUMAN
Q54NC3_DICDI	Q54NC3_DICDI
DAF_HUMAN	DAF_HUMAN
MANEL_HUMAN	MANEL_HUMAN
FGFR2_HUMAN	FGFR2_HUMAN
FGFR2_HUMAN	FGFR1_HUMAN
TIGIT_HUMAN	TIGIT_HUMAN
PSD1_YEAST	PSD1_YEAST
PMTK_ARATH	PMTK_ARATH
GHR_HUMAN	GHR_HUMAN
MUSK_HUMAN	MUSK_HUMAN
RLP51_ARATH	RLP51_ARATH
LYAM1_HUMAN	LYAM1_HUMAN
KTN1_HUMAN	KTN1_HUMAN
PPI3A_ARATH	PPI3A_ARATH
PPI3A_ARATH	PPI3B_ARATH
PPI3A_ARATH	PPI2_ARATH
DNJ49_ARATH	DNJ49_ARATH
SKM1_ARATH	SKM1_ARATH
PMEL_HUMAN	PMEL_HUMAN
CLC2A_HUMAN	CLC2A_HUMAN
NRFG_ECOLI	NRFG_ECOLI
F4JG06_ARATH	F4JG06_ARATH
PLSC_ECOLI	PLSC_ECOLI
CLC14_HUMAN	CLC14_HUMAN
TLR7_HUMAN	TLR7_HUMAN
YNF8_YEAST	YNF8_YEAST
P24D9_ARATH	P24D9_ARATH
P24D9_ARATH	P24DA_ARATH
P24D9_ARATH	P24D7_ARATH
TNR1A_HUMAN	TNR1A_HUMAN
CLC2D_HUMAN	CLC2D_HUMAN
YO010_HUMAN	YO010_HUMAN
YO010_HUMAN	YO011_HUMAN
PBPB_ECOLI	PBPB_ECOLI
PMP2_YEAST	PMP2_YEAST
PMP2_YEAST	PMP1_YEAST
ERBB2_HUMAN	ERBB2_HUMAN
COX26_YEAST	COX26_YEAST
LRKS1_ARATH	LRKS1_ARATH
LRKS1_ARATH	Q54HK3_DICDI
LRKS1_ARATH	Q54K30_DICDI
Y2559_ARATH	Y2559_ARATH
NCRK_ARATH	NCRK_ARATH
B3GN6_HUMAN	B3GN6_HUMAN
RKF1_ARATH	RKF1_ARATH
LAMP2_HUMAN	LAMP2_HUMAN
TLR5_HUMAN	TLR5_HUMAN
CDHR2_HUMAN	CDHR2_HUMAN
